Time,Altitude,Velocity,Temperature (F),Voltage
0.00,-13,0,91.36,9.30
0.05,-7,127,91.36,9.30
0.10,0,53,91.36,9.30
0.15,-1,64,91.36,9.30
0.20,1,50,91.36,9.30
0.25,3,43,91.36,9.30
0.30,3,44,91.36,9.30
0.35,7,47,91.36,9.30
0.40,10,53,91.36,9.30
0.45,12,61,91.36,9.30
0.50,15,69,91.36,9.30
0.55,20,79,91.36,9.30
0.60,23,90,91.36,9.30
0.65,29,101,91.36,9.30
0.70,33,112,91.36,9.30
0.75,42,123,91.36,9.30
0.80,48,132,91.36,9.30
0.85,54,142,91.36,9.30
0.90,61,151,91.36,9.30
0.95,70,161,91.36,9.30
1.00,79,171,91.36,9.30
1.05,87,181,91.36,9.30
1.10,97,190,91.36,9.30
1.15,107,200,91.35,9.30
1.20,118,209,91.36,9.30
1.25,128,220,91.36,9.30
1.30,139,231,91.36,9.30
1.35,152,243,91.36,9.30
1.40,165,256,91.36,9.30
1.45,177,269,91.36,9.30
1.50,193,281,91.36,9.30
1.55,207,292,91.36,9.30
1.60,222,303,91.36,9.30
1.65,238,311,91.36,9.30
1.70,255,318,91.36,9.30
1.75,270,326,91.35,9.30
1.80,286,335,91.36,9.30
1.85,304,345,91.36,9.30
1.90,321,356,91.36,9.30
1.95,340,368,91.36,9.30
2.00,359,380,91.36,9.30
2.05,379,392,91.36,9.30
2.10,398,403,91.36,9.30
2.15,420,414,91.36,9.30
2.20,441,423,91.36,9.30
2.25,463,433,91.36,9.30
2.30,484,442,91.36,9.30
2.35,507,451,91.35,9.30
2.40,530,460,91.35,9.30
2.45,554,469,91.36,9.30
2.50,577,478,91.36,9.30
2.55,602,486,91.35,9.30
2.60,627,492,91.35,9.30
2.65,652,499,91.36,9.30
2.70,677,509,91.36,9.30
2.75,702,521,91.35,9.30
2.80,727,535,91.36,9.30
2.85,755,549,91.36,9.30
2.90,786,560,91.36,9.30
2.95,816,565,91.35,9.30
3.00,845,568,91.36,9.30
3.05,870,574,91.35,9.30
3.10,897,585,91.36,9.30
3.15,926,602,91.36,9.30
3.20,958,618,91.36,9.30
3.25,993,625,91.35,9.30
3.30,1029,619,91.36,9.30
3.35,1062,604,91.36,9.30
3.40,1088,586,91.36,9.30
3.45,1108,577,91.36,9.30
3.50,1132,578,91.36,9.30
3.55,1169,583,91.36,9.30
3.60,1205,589,91.36,9.30
3.65,1232,586,91.36,9.30
3.70,1260,573,91.36,9.30
3.75,1287,558,91.35,9.30
3.80,1313,545,91.36,9.30
3.85,1341,538,91.36,9.30
3.90,1364,541,91.35,9.30
3.95,1391,549,91.36,9.30
4.00,1422,558,91.35,9.30
4.05,1450,566,91.36,9.30
4.10,1479,569,91.36,9.30
4.15,1507,564,91.36,9.30
4.20,1539,553,91.36,9.30
4.25,1565,540,91.36,9.30
4.30,1589,530,91.35,9.30
4.35,1612,526,91.36,9.30
4.40,1638,527,91.35,9.30
4.45,1666,530,91.36,9.30
4.50,1696,530,91.35,9.30
4.55,1723,526,91.35,9.30
4.60,1749,518,91.35,9.30
4.65,1770,509,91.36,9.30
4.70,1796,503,91.35,9.30
4.75,1821,501,91.35,9.30
4.80,1847,500,91.35,9.30
4.85,1873,500,91.35,9.30
4.90,1896,498,91.35,9.30
4.95,1922,495,91.35,9.30
5.00,1947,492,91.35,9.30
5.05,1970,489,91.35,9.30
5.10,1995,488,91.35,9.30
5.15,2019,487,91.35,9.30
5.20,2043,487,91.35,9.30
5.25,2068,486,91.35,9.30
5.30,2093,484,91.35,9.30
5.35,2117,482,91.35,9.30
5.40,2140,479,91.35,9.30
5.45,2163,478,91.35,9.30
5.50,2188,476,91.35,9.30
5.55,2211,475,91.35,9.30
5.60,2237,473,91.35,9.30
5.65,2259,469,91.35,9.30
5.70,2282,466,91.33,9.30
5.75,2304,463,91.35,9.30
5.80,2329,460,91.35,9.30
5.85,2353,458,91.33,9.30
5.90,2372,456,91.33,9.30
5.95,2397,453,91.33,9.30
6.00,2419,449,91.35,9.30
6.05,2443,445,91.33,9.30
6.10,2464,441,91.33,9.30
6.15,2485,439,91.33,9.30
6.20,2505,438,91.33,9.30
6.25,2530,438,91.33,9.30
6.30,2550,438,91.33,9.30
6.35,2574,438,91.33,9.30
6.40,2594,436,91.35,9.30
6.45,2617,433,91.33,9.30
6.50,2638,431,91.33,9.30
6.55,2659,429,91.33,9.30
6.60,2680,427,91.33,9.30
6.65,2702,424,91.33,9.30
6.70,2724,421,91.33,9.30
6.75,2744,418,91.33,9.30
6.80,2764,414,91.33,9.30
6.85,2786,410,91.33,9.30
6.90,2805,408,91.33,9.30
6.95,2826,407,91.33,9.30
7.00,2845,407,91.33,9.30
7.05,2866,408,91.33,9.30
7.10,2887,408,91.33,9.30
7.15,2907,407,91.33,9.30
7.20,2928,405,91.33,9.30
7.25,2948,400,91.33,9.30
7.30,2968,396,91.33,9.30
7.35,2987,391,91.33,9.30
7.40,3006,387,91.33,9.30
7.45,3025,384,91.33,9.30
7.50,3045,382,91.33,9.30
7.55,3063,380,91.31,9.30
7.60,3082,379,91.33,9.30
7.65,3102,379,91.31,9.30
7.70,3119,378,91.31,9.30
7.75,3140,378,91.33,9.30
7.80,3157,377,91.33,9.30
7.85,3177,376,91.31,9.30
7.90,3196,373,91.31,9.30
7.95,3214,371,91.33,9.30
8.00,3233,368,91.31,9.30
8.05,3250,364,91.31,9.30
8.10,3269,361,91.31,9.30
8.15,3287,357,91.31,9.30
8.20,3304,355,91.33,9.30
8.25,3322,352,91.31,9.30
8.30,3339,350,91.31,9.30
8.35,3357,349,91.31,9.30
8.40,3374,348,91.31,9.30
8.45,3391,347,91.31,9.30
8.50,3409,346,91.31,9.30
8.55,3426,345,91.31,9.30
8.60,3443,344,91.31,9.30
8.65,3460,342,91.31,9.30
8.70,3478,339,91.31,9.30
8.75,3495,336,91.31,9.30
8.80,3511,333,91.31,9.30
8.85,3526,330,91.31,9.30
8.90,3544,328,91.31,9.30
8.95,3560,326,91.31,9.30
9.00,3576,326,91.31,9.30
9.05,3592,325,91.31,9.30
9.10,3609,325,91.31,9.30
9.15,3624,324,91.31,9.30
9.20,3641,322,91.31,9.30
9.25,3658,319,91.31,9.30
9.30,3673,316,91.31,9.30
9.35,3688,312,91.31,9.30
9.40,3704,307,91.31,9.30
9.45,3720,304,91.31,9.30
9.50,3733,302,91.29,9.30
9.55,3748,302,91.31,9.30
9.60,3764,302,91.31,9.30
9.65,3780,302,91.31,9.30
9.70,3794,301,91.29,9.30
9.75,3809,300,91.29,9.30
9.80,3825,298,91.31,9.30
9.85,3839,296,91.31,9.30
9.90,3853,293,91.29,9.30
9.95,3869,291,91.29,9.30
10.00,3883,289,91.29,9.30
10.05,3896,288,91.31,9.30
10.10,3912,286,91.31,9.30
10.15,3925,285,91.31,9.30
10.20,3941,284,91.29,9.30
10.25,3953,283,91.29,9.30
10.30,3968,281,91.31,9.30
10.35,3982,278,91.31,9.30
10.40,3997,275,91.31,9.30
10.45,4009,272,91.31,9.30
10.50,4023,270,91.29,9.30
10.55,4036,268,91.29,9.30
10.60,4049,266,91.29,9.30
10.65,4063,264,91.29,9.30
10.70,4076,263,91.29,9.30
10.75,4089,261,91.29,9.30
10.80,4102,258,91.29,9.30
10.85,4114,257,91.29,9.30
10.90,4128,255,91.29,9.30
10.95,4140,254,91.31,9.30
11.00,4152,253,91.29,9.30
11.05,4165,251,91.29,9.30
11.10,4178,249,91.29,9.30
11.15,4191,247,91.29,9.30
11.20,4202,245,91.29,9.30
11.25,4214,243,91.29,9.30
11.30,4227,241,91.29,9.30
11.35,4238,240,91.29,9.30
11.40,4250,240,91.29,9.30
11.45,4262,239,91.29,9.30
11.50,4275,237,91.29,9.30
11.55,4286,235,91.29,9.30
11.60,4298,232,91.29,9.30
11.65,4309,228,91.29,9.30
11.70,4321,224,91.29,9.30
11.75,4331,221,91.29,9.30
11.80,4342,219,91.29,9.30
11.85,4353,219,91.29,9.30
11.90,4363,219,91.29,9.30
11.95,4375,220,91.29,9.30
12.00,4386,221,91.29,9.30
12.05,4397,220,91.29,9.30
12.10,4409,218,91.29,9.30
12.15,4419,215,91.29,9.30
12.20,4429,213,91.29,9.30
12.25,4440,211,91.29,9.30
12.30,4450,210,91.29,9.30
12.35,4461,209,91.29,9.30
12.40,4471,208,91.29,9.30
12.45,4482,206,91.29,9.30
12.50,4492,203,91.29,9.30
12.55,4502,199,91.29,9.30
12.60,4512,195,91.29,9.30
12.65,4521,192,91.29,9.30
12.70,4530,190,91.29,9.30
12.75,4540,188,91.29,9.30
12.80,4549,188,91.27,9.30
12.85,4558,188,91.29,9.30
12.90,4568,188,91.29,9.30
12.95,4578,187,91.29,9.30
13.00,4587,185,91.27,9.30
13.05,4596,183,91.29,9.30
13.10,4604,181,91.29,9.30
13.15,4615,179,91.27,9.30
13.20,4623,178,91.27,9.30
13.25,4631,176,91.29,9.30
13.30,4640,175,91.29,9.30
13.35,4649,175,91.29,9.30
13.40,4658,174,91.27,9.30
13.45,4667,172,91.29,9.30
13.50,4674,170,91.29,9.30
13.55,4684,168,91.27,9.30
13.60,4692,165,91.29,9.30
13.65,4700,163,91.27,9.30
13.70,4707,160,91.27,9.30
13.75,4716,159,91.27,9.30
13.80,4723,157,91.29,9.30
13.85,4732,155,91.27,9.30
13.90,4739,154,91.29,9.30
13.95,4746,153,91.27,9.30
14.00,4754,151,91.27,9.30
14.05,4762,149,91.27,9.30
14.10,4769,148,91.29,9.30
14.15,4776,146,91.27,9.30
14.20,4784,144,91.27,9.30
14.25,4790,142,91.27,9.30
14.30,4798,139,91.27,9.30
14.35,4805,138,91.27,9.30
14.40,4810,137,91.27,9.30
14.45,4818,136,91.29,9.30
14.50,4825,136,91.27,9.30
14.55,4831,135,91.27,9.30
14.60,4839,133,91.27,9.30
14.65,4845,131,91.27,9.30
14.70,4851,129,91.27,9.30
14.75,4858,126,91.27,9.30
14.80,4864,124,91.27,9.30
14.85,4870,122,91.27,9.30
14.90,4875,121,91.27,9.30
14.95,4882,120,91.27,9.30
15.00,4888,120,91.27,9.30
15.05,4894,119,91.27,9.30
15.10,4900,118,91.27,9.30
15.15,4905,115,91.27,9.30
15.20,4912,113,91.27,9.30
15.25,4917,110,91.27,9.30
15.30,4922,108,91.27,9.30
15.35,4927,107,91.27,9.30
15.40,4932,106,91.27,9.30
15.45,4939,105,91.27,9.30
15.50,4943,104,91.26,9.30
15.55,4949,102,91.27,9.30
15.60,4953,100,91.27,9.30
15.65,4958,98,91.27,9.30
15.70,4963,96,91.27,9.30
15.75,4968,95,91.27,9.30
15.80,4973,93,91.27,9.30
15.85,4977,92,91.27,9.30
15.90,4981,90,91.27,9.30
15.95,4986,89,91.27,9.30
16.00,4991,87,91.27,9.30
16.05,4994,86,91.27,9.30
16.10,4999,84,91.27,9.30
16.15,5003,81,91.27,9.30
16.20,5008,79,91.27,9.30
16.25,5010,77,91.27,9.30
16.30,5014,76,91.27,9.30
16.35,5018,76,91.27,9.30
16.40,5022,75,91.27,9.30
16.45,5027,74,91.27,9.30
16.50,5028,73,91.27,9.30
16.55,5033,72,91.27,9.30
16.60,5037,70,91.27,9.30
16.65,5040,68,91.27,9.30
16.70,5043,66,91.27,9.30
16.75,5046,64,91.27,9.30
16.80,5050,62,91.27,9.30
16.85,5052,61,91.27,9.30
16.90,5055,60,91.27,9.30
16.95,5058,60,91.27,9.30
17.00,5062,59,91.26,9.30
17.05,5064,58,91.27,9.30
17.10,5067,55,91.27,9.30
17.15,5071,51,91.26,9.30
17.20,5072,48,91.27,9.30
17.25,5074,45,91.26,9.30
17.30,5076,43,91.26,9.30
17.35,5079,43,91.27,9.30
17.40,5080,42,91.27,9.30
17.45,5083,42,91.26,9.30
17.50,5085,41,91.27,9.30
17.55,5087,40,91.26,9.30
17.60,5089,38,91.26,9.30
17.65,5090,37,91.26,9.30
17.70,5092,35,91.26,9.30
17.75,5095,33,91.26,9.30
17.80,5096,32,91.26,9.30
17.85,5096,31,91.26,9.30
17.90,5098,30,91.27,9.30
17.95,5101,29,91.26,9.30
18.00,5102,27,91.26,9.30
18.05,5103,25,91.26,9.30
18.10,5103,23,91.26,9.30
18.15,5105,21,91.26,9.30
18.20,5106,19,91.26,9.30
18.25,5107,17,91.26,9.30
18.30,5107,16,91.26,9.30
18.35,5108,14,91.26,9.30
18.40,5109,12,91.26,9.30
18.45,5110,5,91.26,9.30
18.50,5109,4,91.26,9.30
18.55,5110,7,91.27,9.30
18.60,4890,16,91.26,9.10
18.65,4737,38,91.20,9.30
18.70,5094,61,91.22,9.30
18.75,5130,78,91.26,9.20
18.80,5128,89,91.27,9.10
18.85,5129,86,91.29,9.10
18.90,5132,71,91.33,9.10
18.95,5133,64,91.36,9.10
19.00,5142,56,91.38,9.20
19.05,5142,51,91.40,9.20
19.10,5131,50,91.44,9.20
19.15,5144,32,91.45,9.20
19.20,5167,8,91.49,9.20
19.25,5149,-11,91.49,9.20
19.30,5135,-21,91.51,9.20
19.35,5132,-14,91.51,9.20
19.40,5134,10,91.53,9.20
19.45,5142,29,91.54,9.20
19.50,5156,31,91.56,9.20
19.55,5156,17,91.58,9.20
19.60,5147,-13,91.58,9.30
19.65,5149,-43,91.60,9.30
19.70,5136,-63,91.60,9.30
19.75,5133,-76,91.60,9.30
19.80,5134,-88,91.60,9.30
19.85,5135,-102,91.60,9.30
19.90,5130,-116,91.60,9.30
19.95,5112,-121,91.58,9.30
20.00,5100,-109,91.58,9.30
20.05,5097,-84,91.58,9.30
20.10,5099,-46,91.56,9.30
20.15,5103,-15,91.56,9.30
20.20,5105,2,91.58,9.30
20.25,5103,7,91.58,9.30
20.30,5099,-10,91.58,9.30
20.35,5102,-28,91.58,9.30
20.40,5103,-42,91.58,9.30
20.45,5093,-54,91.58,9.30
20.50,5091,-57,91.58,9.30
20.55,5089,-58,91.58,9.30
20.60,5086,-58,91.60,9.30
20.65,5086,-57,91.60,9.30
20.70,5083,-57,91.60,9.30
20.75,5085,-56,91.60,9.30
20.80,5087,-56,91.60,9.30
20.85,5092,-54,91.60,9.30
20.90,5090,-50,91.58,9.30
20.95,5078,-46,91.58,9.30
21.00,5071,-42,91.58,9.30
21.05,5074,-40,91.56,9.30
21.10,5072,-41,91.54,9.30
21.15,5068,-44,91.54,9.30
21.20,5056,-48,91.54,9.30
21.25,5050,-52,91.56,9.30
21.30,5044,-55,91.56,9.30
21.35,5039,-57,91.58,9.30
21.40,5036,-58,91.58,9.30
21.45,5036,-57,91.60,9.30
21.50,5037,-55,91.60,9.30
21.55,5038,-52,91.60,9.30
21.60,5034,-49,91.60,9.30
21.65,5030,-48,91.60,9.30
21.70,5024,-49,91.60,9.30
21.75,5023,-51,91.60,9.30
21.80,5021,-54,91.60,9.30
21.85,5026,-58,91.58,9.30
21.90,5024,-60,91.58,9.30
21.95,5025,-61,91.58,9.30
22.00,5030,-62,91.58,9.30
22.05,5027,-63,91.58,9.30
22.10,5018,-63,91.58,9.30
22.15,5005,-63,91.58,9.30
22.20,5000,-62,91.60,9.30
22.25,5001,-60,91.58,9.30
22.30,4982,-57,91.60,9.30
22.35,4976,-54,91.58,9.30
22.40,4981,-54,91.58,9.30
22.45,4984,-55,91.58,9.30
22.50,4992,-58,91.58,9.30
22.55,4989,-60,91.58,9.30
22.60,4996,-60,91.58,9.30
22.65,4997,-61,91.58,9.30
22.70,4989,-61,91.58,9.30
22.75,4980,-62,91.58,9.30
22.80,4972,-64,91.56,9.30
22.85,4969,-67,91.56,9.30
22.90,4961,-70,91.56,9.30
22.95,4953,-71,91.56,9.30
23.00,4949,-70,91.58,9.30
23.05,4947,-68,91.58,9.30
23.10,4940,-65,91.56,9.30
23.15,4932,-63,91.58,9.30
23.20,4930,-61,91.58,9.30
23.25,4933,-61,91.58,9.30
23.30,4941,-62,91.58,9.30
23.35,4941,-64,91.58,9.30
23.40,4933,-66,91.58,9.30
23.45,4917,-68,91.58,9.30
23.50,4914,-69,91.56,9.30
23.55,4915,-69,91.56,9.30
23.60,4913,-69,91.56,9.30
23.65,4911,-69,91.56,9.30
23.70,4906,-70,91.58,9.30
23.75,4899,-71,91.56,9.30
23.80,4892,-72,91.56,9.30
23.85,4882,-73,91.56,9.30
23.90,4885,-73,91.54,9.30
23.95,4889,-74,91.54,9.30
24.00,4891,-73,91.54,9.30
24.05,4888,-72,91.53,9.30
24.10,4893,-70,91.53,9.30
24.15,4885,-68,91.53,9.30
24.20,4877,-66,91.53,9.30
24.25,4867,-65,91.54,9.30
24.30,4858,-64,91.56,9.30
24.35,4850,-63,91.56,9.30
24.40,4846,-62,91.58,9.30
24.45,4849,-62,91.58,9.30
24.50,4853,-62,91.56,9.30
24.55,4867,-63,91.54,9.30
24.60,4864,-64,91.53,9.30
24.65,4860,-65,91.53,9.30
24.70,4834,-66,91.54,9.30
24.75,4828,-67,91.56,9.30
24.80,4827,-69,91.56,9.30
24.85,4822,-71,91.58,9.30
24.90,4807,-73,91.58,9.30
24.95,4804,-74,91.58,9.30
25.00,4799,-74,91.58,9.30
25.05,4803,-72,91.56,9.30
25.10,4801,-69,91.56,9.30
25.15,4804,-67,91.56,9.30
25.20,4809,-65,91.56,9.30
25.25,4815,-63,91.56,9.30
25.30,4814,-61,91.58,9.30
25.35,4814,-62,91.58,9.30
25.40,4807,-65,91.58,9.30
25.45,4791,-70,91.58,9.30
25.50,4792,-78,91.56,9.30
25.55,4786,-84,91.54,9.30
25.60,4782,-87,91.54,9.30
25.65,4779,-86,91.53,9.30
25.70,4772,-82,91.53,9.30
25.75,4760,-77,91.54,9.30
25.80,4749,-71,91.54,9.30
25.85,4735,-66,91.56,9.30
25.90,4735,-62,91.56,9.30
25.95,4740,-60,91.56,9.30
26.00,4756,-60,91.54,9.30
26.05,4758,-62,91.56,9.30
26.10,4755,-65,91.54,9.30
26.15,4747,-71,91.54,9.30
26.20,4746,-76,91.54,9.30
26.25,4741,-81,91.54,9.30
26.30,4738,-84,91.54,9.30
26.35,4734,-86,91.54,9.30
26.40,4718,-85,91.53,9.30
26.45,4701,-84,91.54,9.30
26.50,4689,-84,91.54,9.30
26.55,4680,-82,91.54,9.30
26.60,4678,-81,91.54,9.30
26.65,4678,-79,91.54,9.30
26.70,4681,-76,91.53,9.30
26.75,4687,-73,91.53,9.30
26.80,4694,-72,91.53,9.30
26.85,4688,-72,91.53,9.30
26.90,4697,-75,91.53,9.30
26.95,4691,-79,91.53,9.30
27.00,4684,-84,91.53,9.30
27.05,4678,-88,91.53,9.30
27.10,4667,-91,91.53,9.30
27.15,4662,-92,91.53,9.30
27.20,4649,-93,91.54,9.30
27.25,4646,-94,91.54,9.30
27.30,4638,-93,91.56,9.30
27.35,4638,-91,91.56,9.30
27.40,4637,-87,91.58,9.30
27.45,4624,-83,91.58,9.30
27.50,4624,-79,91.58,9.30
27.55,4622,-77,91.58,9.30
27.60,4624,-77,91.56,9.30
27.65,4623,-78,91.58,9.30
27.70,4621,-79,91.58,9.30
27.75,4611,-81,91.58,9.30
27.80,4606,-81,91.56,9.30
27.85,4600,-81,91.58,9.30
27.90,4588,-81,91.58,9.30
27.95,4582,-81,91.58,9.30
28.00,4578,-80,91.58,9.30
28.05,4576,-80,91.58,9.30
28.10,4569,-79,91.58,9.30
28.15,4563,-77,91.58,9.30
28.20,4558,-76,91.56,9.30
28.25,4552,-74,91.56,9.30
28.30,4549,-72,91.56,9.30
28.35,4544,-70,91.56,9.30
28.40,4542,-69,91.56,9.30
28.45,4541,-69,91.56,9.30
28.50,4537,-69,91.56,9.30
28.55,4531,-71,91.56,9.30
28.60,4530,-73,91.56,9.30
28.65,4524,-75,91.56,9.30
28.70,4526,-76,91.56,9.30
28.75,4531,-77,91.56,9.30
28.80,4536,-77,91.56,9.30
28.85,4534,-77,91.56,9.30
28.90,4535,-78,91.56,9.30
28.95,4528,-77,91.56,9.30
29.00,4519,-77,91.56,9.30
29.05,4511,-76,91.56,9.30
29.10,4511,-75,91.56,9.30
29.15,4505,-73,91.58,9.30
29.20,4496,-71,91.56,9.30
29.25,4499,-69,91.58,9.30
29.30,4503,-68,91.56,9.30
29.35,4502,-66,91.56,9.30
29.40,4496,-64,91.56,9.30
29.45,4493,-63,91.56,9.30
29.50,4487,-62,91.56,9.30
29.55,4475,-62,91.56,9.30
29.60,4473,-64,91.56,9.30
29.65,4470,-68,91.56,9.30
29.70,4462,-73,91.56,9.30
29.75,4457,-78,91.56,9.30
29.80,4446,-80,91.56,9.30
29.85,4435,-80,91.56,9.30
29.90,4434,-76,91.56,9.30
29.95,4427,-71,91.56,9.30
30.00,4424,-67,91.56,9.30
30.05,4422,-64,91.56,9.30
30.10,4420,-64,91.56,9.30
30.15,4421,-65,91.56,9.30
30.20,4421,-68,91.56,9.30
30.25,4417,-71,91.56,9.30
30.30,4412,-75,91.56,9.30
30.35,4415,-77,91.56,9.30
30.40,4419,-78,91.56,9.30
30.45,4422,-77,91.56,9.30
30.50,4415,-75,91.56,9.30
30.55,4411,-73,91.54,9.30
30.60,4401,-72,91.56,9.30
30.65,4384,-72,91.56,9.30
30.70,4371,-72,91.56,9.30
30.75,4364,-72,91.54,9.30
30.80,4369,-72,91.54,9.30
30.85,4382,-72,91.53,9.30
30.90,4398,-73,91.53,9.30
30.95,4386,-73,91.54,9.30
31.00,4399,-74,91.53,9.30
31.05,4388,-75,91.53,9.30
31.10,4377,-74,91.53,9.30
31.15,4369,-74,91.54,9.30
31.20,4363,-74,91.54,9.30
31.25,4353,-74,91.56,9.30
31.30,4343,-76,91.54,9.30
31.35,4341,-79,91.54,9.30
31.40,4337,-82,91.53,9.30
31.45,4338,-84,91.53,9.30
31.50,4342,-84,91.51,9.30
31.55,4337,-84,91.51,9.30
31.60,4325,-83,91.51,9.30
31.65,4316,-80,91.51,9.30
31.70,4320,-78,91.53,9.30
31.75,4304,-77,91.54,9.30
31.80,4296,-77,91.56,9.30
31.85,4293,-79,91.56,9.30
31.90,4287,-82,91.54,9.30
31.95,4279,-83,91.54,9.30
32.00,4270,-84,91.54,9.30
32.05,4273,-82,91.53,9.30
32.10,4278,-79,91.53,9.30
32.15,4280,-75,91.53,9.30
32.20,4279,-70,91.54,9.30
32.25,4269,-68,91.54,9.30
32.30,4258,-67,91.54,9.30
32.35,4253,-69,91.54,9.30
32.40,4254,-73,91.54,9.30
32.45,4255,-77,91.56,9.30
32.50,4243,-81,91.54,9.30
32.55,4234,-83,91.56,9.30
32.60,4225,-83,91.56,9.30
32.65,4221,-82,91.54,9.30
32.70,4222,-80,91.56,9.30
32.75,4227,-79,91.54,9.30
32.80,4233,-79,91.56,9.30
32.85,4232,-78,91.54,9.30
32.90,4224,-77,91.53,9.30
32.95,4221,-76,91.53,9.30
33.00,4223,-75,91.51,9.30
33.05,4226,-74,91.51,9.30
33.10,4224,-73,91.51,9.30
33.15,4228,-70,91.53,9.30
33.20,4222,-66,91.53,9.30
33.25,4224,-62,91.54,9.30
33.30,4219,-60,91.54,9.30
33.35,4195,-61,91.53,9.30
33.40,4184,-63,91.51,9.30
33.45,4177,-66,91.51,9.30
33.50,4167,-68,91.51,9.30
33.55,4162,-69,91.51,9.30
33.60,4161,-69,91.53,9.30
33.65,4161,-69,91.53,9.30
33.70,4152,-69,91.54,9.30
33.75,4146,-70,91.54,9.30
33.80,4137,-72,91.54,9.30
33.85,4134,-73,91.54,9.30
33.90,4130,-75,91.56,9.30
33.95,4131,-77,91.56,9.30
34.00,4128,-79,91.56,9.30
34.05,4129,-81,91.56,9.30
34.10,4135,-83,91.54,9.30
34.15,4147,-85,91.53,9.30
34.20,4160,-84,91.53,9.30
34.25,4159,-83,91.53,9.30
34.30,4133,-80,91.53,9.30
34.35,4127,-76,91.53,9.30
34.40,4124,-72,91.53,9.30
34.45,4110,-69,91.53,9.30
34.50,4094,-67,91.53,9.30
34.55,4091,-66,91.53,9.30
34.60,4090,-67,91.53,9.30
34.65,4089,-68,91.53,9.30
34.70,4098,-69,91.51,9.30
34.75,4089,-69,91.53,9.30
34.80,4085,-69,91.53,9.30
34.85,4078,-68,91.53,9.30
34.90,4074,-69,91.53,9.30
34.95,4073,-70,91.54,9.30
35.00,4065,-72,91.56,9.30
35.05,4057,-74,91.56,9.30
35.10,4057,-79,91.56,9.30
35.15,4059,-83,91.56,9.30
35.20,4059,-86,91.56,9.30
35.25,4054,-87,91.56,9.30
35.30,4051,-86,91.56,9.30
35.35,4047,-83,91.56,9.30
35.40,4047,-80,91.54,9.30
35.45,4041,-77,91.54,9.30
35.50,4038,-75,91.54,9.30
35.55,4031,-75,91.54,9.30
35.60,4024,-76,91.54,9.30
35.65,4016,-78,91.54,9.30
35.70,4009,-80,91.54,9.30
35.75,4005,-81,91.54,9.30
35.80,4002,-80,91.54,9.30
35.85,4000,-78,91.54,9.30
35.90,3995,-75,91.53,9.30
35.95,3989,-73,91.54,9.30
36.00,3989,-71,91.54,9.30
36.05,3991,-70,91.54,9.30
36.10,3980,-70,91.54,9.30
36.15,3982,-71,91.53,9.30
36.20,3971,-73,91.54,9.30
36.25,3971,-75,91.54,9.30
36.30,3967,-76,91.53,9.30
36.35,3964,-77,91.54,9.30
36.40,3961,-77,91.54,9.30
36.45,3953,-76,91.53,9.30
36.50,3950,-75,91.53,9.30
36.55,3945,-73,91.53,9.30
36.60,3941,-72,91.53,9.30
36.65,3934,-72,91.53,9.30
36.70,3926,-71,91.53,9.30
36.75,3926,-71,91.51,9.30
36.80,3924,-70,91.51,9.30
36.85,3931,-69,91.51,9.30
36.90,3933,-69,91.51,9.30
36.95,3929,-69,91.51,9.30
37.00,3923,-69,91.51,9.30
37.05,3925,-69,91.51,9.30
37.10,3924,-69,91.51,9.30
37.15,3919,-69,91.51,9.30
37.20,3907,-69,91.53,9.30
37.25,3900,-70,91.53,9.30
37.30,3890,-71,91.53,9.30
37.35,3895,-72,91.53,9.30
37.40,3896,-73,91.53,9.30
37.45,3893,-74,91.53,9.30
37.50,3886,-74,91.53,9.30
37.55,3883,-72,91.53,9.30
37.60,3880,-70,91.53,9.30
37.65,3872,-68,91.53,9.30
37.70,3865,-67,91.53,9.30
37.75,3864,-67,91.53,9.30
37.80,3865,-69,91.53,9.30
37.85,3863,-72,91.53,9.30
37.90,3856,-74,91.51,9.30
37.95,3856,-77,91.53,9.30
38.00,3853,-79,91.53,9.30
38.05,3851,-81,91.53,9.30
38.10,3845,-82,91.51,9.30
38.15,3836,-81,91.51,9.30
38.20,3836,-78,91.51,9.30
38.25,3831,-75,91.51,9.30
38.30,3823,-71,91.51,9.30
38.35,3815,-69,91.51,9.30
38.40,3808,-68,91.51,9.30
38.45,3804,-68,91.51,9.30
38.50,3801,-68,91.51,9.30
38.55,3800,-69,91.51,9.30
38.60,3803,-70,91.51,9.30
38.65,3804,-71,91.51,9.30
38.70,3800,-72,91.51,9.30
38.75,3795,-72,91.51,9.30
38.80,3788,-72,91.51,9.30
38.85,3786,-72,91.51,9.30
38.90,3774,-71,91.49,9.30
38.95,3772,-70,91.51,9.30
39.00,3769,-70,91.49,9.30
39.05,3759,-71,91.49,9.30
39.10,3750,-72,91.49,9.30
39.15,3751,-72,91.49,9.30
39.20,3756,-72,91.49,9.30
39.25,3763,-72,91.51,9.30
39.30,3759,-71,91.49,9.30
39.35,3764,-70,91.47,9.30
39.40,3762,-69,91.47,9.30
39.45,3758,-69,91.47,9.30
39.50,3750,-71,91.47,9.30
39.55,3742,-73,91.47,9.30
39.60,3734,-75,91.49,9.30
39.65,3727,-77,91.49,9.30
39.70,3723,-79,91.49,9.30
39.75,3717,-80,91.49,9.30
39.80,3720,-80,91.49,9.30
39.85,3723,-80,91.49,9.30
39.90,3721,-78,91.49,9.30
39.95,3720,-77,91.49,9.30
40.00,3713,-74,91.49,9.30
40.05,3703,-71,91.47,9.30
40.10,3696,-68,91.47,9.30
40.15,3692,-67,91.49,9.30
40.20,3688,-68,91.47,9.30
40.25,3685,-70,91.47,9.30
40.30,3683,-72,91.47,9.30
40.35,3676,-73,91.45,9.30
40.40,3670,-74,91.44,9.30
40.45,3664,-74,91.44,9.30
40.50,3665,-73,91.44,9.30
40.55,3654,-71,91.42,9.30
40.60,3649,-70,91.42,9.30
40.65,3642,-69,91.44,9.30
40.70,3638,-69,91.44,9.30
40.75,3633,-71,91.44,9.30
40.80,3626,-74,91.45,9.30
40.85,3623,-78,91.45,9.30
40.90,3619,-82,91.45,9.30
40.95,3620,-84,91.45,9.30
41.00,3621,-85,91.47,9.30
41.05,3622,-85,91.45,9.30
41.10,3630,-84,91.47,9.30
41.15,3629,-83,91.47,9.30
41.20,3623,-83,91.47,9.30
41.25,3619,-82,91.45,9.30
41.30,3615,-81,91.45,9.30
41.35,3618,-79,91.45,9.30
41.40,3611,-77,91.44,9.30
41.45,3607,-74,91.42,9.30
41.50,3601,-71,91.42,9.30
41.55,3600,-68,91.42,9.30
41.60,3595,-65,91.40,9.30
41.65,3591,-63,91.42,9.30
41.70,3585,-62,91.42,9.30
41.75,3578,-62,91.42,9.30
41.80,3570,-63,91.44,9.30
41.85,3558,-64,91.42,9.30
41.90,3547,-65,91.44,9.30
41.95,3543,-68,91.44,9.30
42.00,3539,-72,91.44,9.30
42.05,3534,-76,91.45,9.30
42.10,3531,-79,91.45,9.30
42.15,3528,-80,91.45,9.30
42.20,3523,-79,91.45,9.30
42.25,3521,-77,91.45,9.30
42.30,3519,-76,91.45,9.30
42.35,3519,-76,91.45,9.30
42.40,3521,-78,91.45,9.30
42.45,3524,-79,91.45,9.30
42.50,3523,-80,91.45,9.30
42.55,3521,-81,91.45,9.30
42.60,3522,-82,91.45,9.30
42.65,3521,-82,91.44,9.30
42.70,3515,-83,91.45,9.30
42.75,3500,-84,91.44,9.30
42.80,3496,-83,91.44,9.30
42.85,3497,-82,91.44,9.30
42.90,3491,-80,91.44,9.30
42.95,3490,-78,91.44,9.30
43.00,3476,-75,91.44,9.30
43.05,3458,-72,91.44,9.30
43.10,3458,-69,91.42,9.30
43.15,3473,-67,91.44,9.30
43.20,3480,-65,91.44,9.30
43.25,3468,-65,91.44,9.30
43.30,3468,-66,91.44,9.30
43.35,3459,-69,91.44,9.30
43.40,3455,-73,91.44,9.30
43.45,3444,-77,91.44,9.30
43.50,3435,-82,91.44,9.30
43.55,3439,-86,91.44,9.30
43.60,3435,-89,91.42,9.30
43.65,3421,-90,91.42,9.30
43.70,3410,-91,91.42,9.30
43.75,3404,-90,91.40,9.30
43.80,3396,-88,91.40,9.30
43.85,3392,-85,91.40,9.30
43.90,3391,-82,91.40,9.30
43.95,3391,-78,91.40,9.30
44.00,3392,-75,91.42,9.30
44.05,3396,-75,91.40,9.30
44.10,3401,-76,91.42,9.30
44.15,3399,-79,91.42,9.30
44.20,3398,-82,91.42,9.30
44.25,3393,-84,91.42,9.30
44.30,3390,-84,91.42,9.30
44.35,3382,-81,91.40,9.30
44.40,3374,-76,91.42,9.30
44.45,3361,-72,91.40,9.30
44.50,3351,-68,91.40,9.30
44.55,3347,-67,91.42,9.30
44.60,3340,-66,91.42,9.30
44.65,3333,-66,91.40,9.30
44.70,3326,-66,91.42,9.30
44.75,3323,-66,91.42,9.30
44.80,3322,-66,91.42,9.30
44.85,3334,-66,91.40,9.30
44.90,3337,-67,91.40,9.30
44.95,3335,-69,91.42,9.30
45.00,3324,-72,91.40,9.30
45.05,3317,-76,91.40,9.30
45.10,3318,-80,91.40,9.30
45.15,3310,-83,91.40,9.30
45.20,3302,-86,91.40,9.30
45.25,3295,-87,91.40,9.30
45.30,3296,-87,91.38,9.30
45.35,3301,-85,91.40,9.30
45.40,3314,-83,91.38,9.30
45.45,3315,-79,91.38,9.30
45.50,3308,-75,91.40,9.30
45.55,3305,-71,91.40,9.30
45.60,3292,-68,91.40,9.30
45.65,3279,-66,91.40,9.30
45.70,3275,-67,91.40,9.30
45.75,3270,-68,91.38,9.30
45.80,3265,-71,91.38,9.30
45.85,3260,-74,91.38,9.30
45.90,3260,-76,91.36,9.30
45.95,3258,-79,91.36,9.30
46.00,3249,-80,91.36,9.30
46.05,3245,-81,91.36,9.30
46.10,3232,-82,91.36,9.30
46.15,3226,-82,91.36,9.30
46.20,3219,-82,91.38,9.30
46.25,3216,-83,91.38,9.30
46.30,3216,-85,91.38,9.30
46.35,3211,-88,91.38,9.30
46.40,3204,-91,91.38,9.30
46.45,3203,-93,91.38,9.30
46.50,3207,-94,91.36,9.30
46.55,3216,-92,91.36,9.30
46.60,3209,-89,91.36,9.30
46.65,3200,-86,91.36,9.30
46.70,3191,-83,91.36,9.30
46.75,3187,-80,91.36,9.30
46.80,3186,-79,91.38,9.30
46.85,3187,-78,91.36,9.30
46.90,3177,-78,91.36,9.30
46.95,3169,-77,91.38,9.30
47.00,3163,-75,91.38,9.30
47.05,3152,-73,91.38,9.30
47.10,3151,-69,91.38,9.30
47.15,3144,-66,91.38,9.30
47.20,3139,-64,91.36,9.30
47.25,3134,-62,91.38,9.30
47.30,3134,-61,91.36,9.30
47.35,3130,-61,91.36,9.30
47.40,3127,-61,91.36,9.30
47.45,3122,-63,91.36,9.30
47.50,3118,-67,91.36,9.30
47.55,3113,-70,91.38,9.30
47.60,3117,-73,91.38,9.30
47.65,3119,-74,91.38,9.30
47.70,3114,-75,91.38,9.30
47.75,3108,-75,91.38,9.30
47.80,3112,-75,91.38,9.30
47.85,3113,-74,91.38,9.30
47.90,3103,-73,91.38,9.30
47.95,3098,-73,91.38,9.30
48.00,3095,-72,91.40,9.30
48.05,3101,-72,91.40,9.30
48.10,3100,-72,91.40,9.30
48.15,3100,-71,91.38,9.30
48.20,3095,-71,91.38,9.30
48.25,3090,-70,91.38,9.30
48.30,3094,-69,91.36,9.30
48.35,3095,-67,91.36,9.30
48.40,3089,-64,91.36,9.30
48.45,3080,-61,91.36,9.30
48.50,3069,-58,91.36,9.30
48.55,3054,-56,91.38,9.30
48.60,3059,-56,91.38,9.30
48.65,3049,-58,91.38,9.30
48.70,3043,-60,91.36,9.30
48.75,3036,-62,91.38,9.30
48.80,3035,-64,91.36,9.30
48.85,3038,-65,91.35,9.30
48.90,3032,-66,91.35,9.30
48.95,3021,-67,91.35,9.30
49.00,3015,-68,91.35,9.30
49.05,3008,-70,91.35,9.30
49.10,3002,-72,91.35,9.30
49.15,3002,-74,91.36,9.30
49.20,3001,-77,91.38,9.30
49.25,2995,-80,91.38,9.30
49.30,2992,-83,91.38,9.30
49.35,2996,-85,91.36,9.30
49.40,3009,-85,91.36,9.30
49.45,3013,-83,91.35,9.30
49.50,3011,-81,91.33,9.30
49.55,3008,-77,91.33,9.30
49.60,3005,-73,91.33,9.30
49.65,2998,-69,91.33,9.30
49.70,2989,-66,91.33,9.30
49.75,2986,-65,91.35,9.30
49.80,2979,-65,91.35,9.30
49.85,2974,-66,91.35,9.30
49.90,2972,-66,91.36,9.30
49.95,2963,-64,91.36,9.30
50.00,2963,-62,91.36,9.30
50.05,2961,-60,91.35,9.30
50.10,2954,-58,91.35,9.30
50.15,2947,-59,91.35,9.30
50.20,2939,-60,91.35,9.30
50.25,2931,-63,91.35,9.30
50.30,2921,-66,91.33,9.30
50.35,2917,-70,91.33,9.30
50.40,2914,-75,91.35,9.30
50.45,2910,-78,91.36,9.30
50.50,2909,-81,91.36,9.30
50.55,2912,-82,91.36,9.30
50.60,2917,-82,91.35,9.30
50.65,2921,-82,91.35,9.30
50.70,2920,-81,91.33,9.30
50.75,2910,-81,91.33,9.30
50.80,2904,-80,91.31,9.30
50.85,2895,-80,91.33,9.30
50.90,2896,-80,91.33,9.30
50.95,2894,-80,91.35,9.30
51.00,2896,-79,91.35,9.30
51.05,2895,-78,91.36,9.30
51.10,2892,-75,91.36,9.30
51.15,2883,-72,91.36,9.30
51.20,2874,-69,91.36,9.30
51.25,2868,-66,91.36,9.30
51.30,2865,-64,91.36,9.30
51.35,2858,-63,91.36,9.30
51.40,2854,-63,91.36,9.30
51.45,2850,-64,91.36,9.30
51.50,2846,-66,91.36,9.30
51.55,2846,-70,91.36,9.30
51.60,2837,-73,91.36,9.30
51.65,2830,-76,91.36,9.30
51.70,2830,-78,91.36,9.30
51.75,2826,-78,91.35,9.30
51.80,2818,-78,91.35,9.30
51.85,2813,-78,91.35,9.30
51.90,2811,-79,91.35,9.30
51.95,2806,-81,91.35,9.30
52.00,2804,-82,91.36,9.30
52.05,2803,-82,91.35,9.30
52.10,2805,-79,91.36,9.30
52.15,2808,-74,91.36,9.30
52.20,2808,-68,91.36,9.30
52.25,2800,-63,91.35,9.30
52.30,2797,-59,91.35,9.30
52.35,2793,-57,91.35,9.30
52.40,2786,-57,91.33,9.30
52.45,2784,-59,91.33,9.30
52.50,2780,-62,91.33,9.30
52.55,2774,-67,91.31,9.30
52.60,2765,-70,91.31,9.30
52.65,2763,-73,91.33,9.30
52.70,2758,-73,91.33,9.30
52.75,2752,-71,91.33,9.30
52.80,2748,-69,91.35,9.30
52.85,2745,-67,91.35,9.30
52.90,2738,-66,91.35,9.30
52.95,2730,-66,91.35,9.30
53.00,2725,-68,91.35,9.30
53.05,2725,-71,91.33,9.30
53.10,2735,-73,91.31,9.30
53.15,2746,-76,91.31,9.30
53.20,2758,-78,91.31,9.30
53.25,2748,-80,91.31,9.30
53.30,2749,-80,91.31,9.30
53.35,2745,-79,91.31,9.30
53.40,2747,-79,91.31,9.30
53.45,2730,-78,91.31,9.30
53.50,2710,-78,91.31,9.30
53.55,2693,-78,91.31,9.30
53.60,2686,-77,91.31,9.30
53.65,2679,-75,91.33,9.30
53.70,2682,-73,91.33,9.30
53.75,2690,-70,91.35,9.30
53.80,2688,-67,91.35,9.30
53.85,2680,-65,91.35,9.30
53.90,2687,-63,91.35,9.30
53.95,2674,-63,91.35,9.30
54.00,2660,-64,91.35,9.30
54.05,2663,-68,91.33,9.30
54.10,2666,-74,91.33,9.30
54.15,2648,-82,91.33,9.30
54.20,2639,-88,91.33,9.30
54.25,2637,-92,91.33,9.30
54.30,2640,-95,91.33,9.30
54.35,2639,-95,91.33,9.30
54.40,2632,-94,91.33,9.30
54.45,2624,-92,91.33,9.30
54.50,2616,-88,91.33,9.30
54.55,2617,-85,91.33,9.30
54.60,2612,-83,91.33,9.30
54.65,2612,-83,91.33,9.30
54.70,2620,-84,91.33,9.30
54.75,2623,-86,91.33,9.30
54.80,2616,-86,91.31,9.30
54.85,2615,-85,91.31,9.30
54.90,2610,-83,91.31,9.30
54.95,2614,-79,91.31,9.30
55.00,2602,-75,91.31,9.30
55.05,2591,-71,91.29,9.30
55.10,2585,-67,91.31,9.30
55.15,2572,-65,91.31,9.30
55.20,2566,-65,91.29,9.30
55.25,2560,-66,91.31,9.30
55.30,2562,-69,91.31,9.30
55.35,2548,-70,91.31,9.30
55.40,2546,-71,91.29,9.30
55.45,2545,-71,91.29,9.30
55.50,2535,-71,91.29,9.30
55.55,2526,-70,91.29,9.30
55.60,2523,-71,91.27,9.30
55.65,2520,-72,91.27,9.30
55.70,2518,-74,91.27,9.30
55.75,2514,-76,91.29,9.30
55.80,2513,-78,91.27,9.30
55.85,2514,-79,91.27,9.30
55.90,2524,-80,91.27,9.30
55.95,2520,-81,91.27,9.30
56.00,2523,-80,91.27,9.30
56.05,2531,-79,91.27,9.30
56.10,2531,-78,91.27,9.30
56.15,2525,-77,91.27,9.30
56.20,2509,-76,91.27,9.30
56.25,2500,-76,91.27,9.30
56.30,2496,-77,91.26,9.30
56.35,2491,-76,91.26,9.30
56.40,2485,-75,91.26,9.30
56.45,2480,-73,91.24,9.30
56.50,2478,-70,91.24,9.30
56.55,2477,-66,91.26,9.30
56.60,2480,-63,91.26,9.30
56.65,2476,-60,91.27,9.30
56.70,2470,-59,91.27,9.30
56.75,2465,-60,91.26,9.30
56.80,2461,-63,91.26,9.30
56.85,2456,-68,91.26,9.30
56.90,2449,-74,91.26,9.30
56.95,2443,-81,91.26,9.30
57.00,2440,-85,91.26,9.30
57.05,2433,-88,91.26,9.30
57.10,2426,-88,91.24,9.30
57.15,2420,-87,91.24,9.30
57.20,2415,-85,91.24,9.30
57.25,2404,-84,91.24,9.30
57.30,2401,-83,91.22,9.30
57.35,2398,-82,91.22,9.30
57.40,2396,-82,91.22,9.30
57.45,2396,-82,91.22,9.30
57.50,2399,-82,91.22,9.30
57.55,2405,-83,91.20,9.30
57.60,2406,-84,91.20,9.30
57.65,2400,-85,91.20,9.30
57.70,2407,-85,91.18,9.30
57.75,2399,-85,91.18,9.30
57.80,2396,-85,91.18,9.30
57.85,2371,-84,91.20,9.30
57.90,2356,-83,91.20,9.30
57.95,2349,-81,91.20,9.30
58.00,2354,-80,91.24,9.30
58.05,2355,-77,91.24,9.30
58.10,2355,-74,91.24,9.30
58.15,2350,-71,91.24,9.30
58.20,2336,-67,91.22,9.30
58.25,2336,-64,91.22,9.30
58.30,2331,-62,91.22,9.30
58.35,2326,-61,91.20,9.30
58.40,2321,-63,91.22,9.30
58.45,2319,-66,91.20,9.30
58.50,2318,-71,91.22,9.30
58.55,2315,-76,91.22,9.30
58.60,2309,-80,91.22,9.30
58.65,2302,-83,91.24,9.30
58.70,2298,-84,91.22,9.30
58.75,2292,-83,91.24,9.30
58.80,2291,-80,91.24,9.30
58.85,2291,-75,91.22,9.30
58.90,2285,-71,91.20,9.30
58.95,2280,-67,91.20,9.30
59.00,2281,-65,91.18,9.30
59.05,2279,-65,91.20,9.30
59.10,2282,-67,91.20,9.30
59.15,2285,-69,91.20,9.30
59.20,2285,-71,91.20,9.30
59.25,2283,-73,91.20,9.30
59.30,2280,-73,91.22,9.30
59.35,2282,-73,91.22,9.30
59.40,2281,-72,91.22,9.30
59.45,2255,-71,91.20,9.30
59.50,2246,-69,91.20,9.30
59.55,2248,-68,91.20,9.30
59.60,2243,-66,91.20,9.30
59.65,2234,-63,91.20,9.30
59.70,2227,-60,91.20,9.30
59.75,2228,-58,91.20,9.30
59.80,2231,-59,91.18,9.30
59.85,2223,-61,91.20,9.30
59.90,2225,-64,91.20,9.30
59.95,2232,-68,91.20,9.30
60.00,2230,-72,91.20,9.30
60.05,2224,-75,91.24,9.30
60.10,2217,-79,91.22,9.30
60.15,2201,-81,91.22,9.30
60.20,2192,-82,91.20,9.30
60.25,2181,-82,91.20,9.30
60.30,2179,-82,91.22,9.30
60.35,2180,-80,91.24,9.30
60.40,2184,-78,91.22,9.30
60.45,2188,-75,91.24,9.30
60.50,2177,-71,91.22,9.30
60.55,2174,-67,91.20,9.30
60.60,2174,-65,91.18,9.30
60.65,2191,-65,91.18,9.30
60.70,2194,-68,91.18,9.30
60.75,2179,-71,91.20,9.30
60.80,2172,-75,91.20,9.30
60.85,2158,-78,91.22,9.30
60.90,2148,-79,91.22,9.30
60.95,2140,-79,91.22,9.30
61.00,2134,-78,91.22,9.30
61.05,2126,-77,91.22,9.30
61.10,2120,-75,91.22,9.30
61.15,2123,-72,91.20,9.30
61.20,2124,-68,91.18,9.30
61.25,2122,-65,91.18,9.30
61.30,2120,-63,91.18,9.30
61.35,2117,-63,91.17,9.30
61.40,2114,-64,91.18,9.30
61.45,2112,-67,91.17,9.30
61.50,2117,-69,91.17,9.30
61.55,2117,-73,91.17,9.30
61.60,2116,-76,91.17,9.30
61.65,2107,-78,91.18,9.30
61.70,2089,-79,91.18,9.30
61.75,2073,-76,91.20,9.30
61.80,2066,-71,91.20,9.30
61.85,2068,-65,91.20,9.30
61.90,2079,-60,91.20,9.30
61.95,2077,-57,91.20,9.30
62.00,2075,-57,91.20,9.30
62.05,2065,-59,91.17,9.30
62.10,2056,-62,91.17,9.30
62.15,2055,-66,91.17,9.30
62.20,2068,-71,91.17,9.30
62.25,2064,-74,91.17,9.30
62.30,2058,-77,91.18,9.30
62.35,2065,-79,91.20,9.30
62.40,2053,-80,91.20,9.30
62.45,2039,-81,91.20,9.30
62.50,2038,-82,91.20,9.30
62.55,2035,-82,91.18,9.30
62.60,2027,-81,91.18,9.30
62.65,2022,-78,91.17,9.30
62.70,2025,-74,91.17,9.30
62.75,2033,-70,91.17,9.30
62.80,2034,-67,91.17,9.30
62.85,2039,-66,91.17,9.30
62.90,2037,-66,91.17,9.30
62.95,2023,-66,91.18,9.30
63.00,2015,-65,91.17,9.30
63.05,2009,-65,91.17,9.30
63.10,1988,-66,91.18,9.30
63.15,1985,-69,91.18,9.30
63.20,1973,-74,91.18,9.30
63.25,1969,-79,91.18,9.30
63.30,1958,-83,91.20,9.30
63.35,1956,-84,91.18,9.30
63.40,1957,-83,91.18,9.30
63.45,1957,-80,91.20,9.30
63.50,1954,-77,91.20,9.30
63.55,1950,-75,91.20,9.30
63.60,1948,-75,91.20,9.30
63.65,1945,-78,91.18,9.30
63.70,1945,-82,91.18,9.30
63.75,1944,-87,91.18,9.30
63.80,1941,-92,91.17,9.30
63.85,1943,-94,91.17,9.30
63.90,1951,-95,91.17,9.30
63.95,1945,-93,91.17,9.30
64.00,1942,-90,91.15,9.30
64.05,1935,-87,91.15,9.30
64.10,1930,-83,91.15,9.30
64.15,1923,-79,91.15,9.30
64.20,1904,-76,91.15,9.30
64.25,1892,-75,91.15,9.30
64.30,1888,-74,91.15,9.30
64.35,1885,-74,91.15,9.30
64.40,1888,-75,91.15,9.30
64.45,1891,-75,91.15,9.30
64.50,1888,-75,91.17,9.30
64.55,1888,-76,91.15,9.30
64.60,1881,-76,91.17,9.30
64.65,1869,-77,91.17,9.30
64.70,1856,-78,91.18,9.30
64.75,1852,-79,91.18,9.30
64.80,1847,-80,91.18,9.30
64.85,1844,-80,91.18,9.30
64.90,1842,-80,91.17,9.30
64.95,1836,-80,91.17,9.30
65.00,1835,-81,91.18,9.30
65.05,1834,-82,91.17,9.30
65.10,1831,-81,91.17,9.30
65.15,1829,-79,91.17,9.30
65.20,1822,-76,91.15,9.30
65.25,1819,-72,91.15,9.30
65.30,1813,-70,91.13,9.30
65.35,1810,-69,91.15,9.30
65.40,1809,-69,91.13,9.30
65.45,1806,-70,91.13,9.30
65.50,1803,-70,91.15,9.30
65.55,1803,-70,91.15,9.30
65.60,1798,-69,91.15,9.30
65.65,1790,-67,91.17,9.30
65.70,1787,-66,91.17,9.30
65.75,1786,-65,91.17,9.30
65.80,1788,-65,91.17,9.30
65.85,1794,-66,91.17,9.30
65.90,1791,-68,91.17,9.30
65.95,1787,-69,91.18,9.30
66.00,1771,-68,91.17,9.30
66.05,1770,-66,91.17,9.30
66.10,1757,-63,91.15,9.30
66.15,1758,-60,91.15,9.30
66.20,1757,-58,91.13,9.30
66.25,1759,-57,91.13,9.30
66.30,1753,-57,91.13,9.30
66.35,1755,-59,91.11,9.30
66.40,1751,-61,91.11,9.30
66.45,1754,-64,91.13,9.30
66.50,1747,-66,91.13,9.30
66.55,1744,-67,91.13,9.30
66.60,1733,-68,91.13,9.30
66.65,1733,-69,91.15,9.30
66.70,1732,-71,91.15,9.30
66.75,1726,-73,91.15,9.30
66.80,1717,-76,91.15,9.30
66.85,1704,-80,91.15,9.30
66.90,1698,-81,91.17,9.30
66.95,1695,-82,91.17,9.30
67.00,1702,-80,91.17,9.30
67.05,1708,-77,91.17,9.30
67.10,1712,-74,91.15,9.30
67.15,1713,-72,91.13,9.30
67.20,1714,-70,91.13,9.30
67.25,1706,-69,91.13,9.30
67.30,1699,-69,91.11,9.30
67.35,1687,-70,91.11,9.30
67.40,1676,-72,91.13,9.30
67.45,1678,-73,91.13,9.30
67.50,1671,-74,91.13,9.30
67.55,1662,-75,91.13,9.30
67.60,1653,-76,91.15,9.30
67.65,1652,-77,91.15,9.30
67.70,1652,-77,91.13,9.30
67.75,1642,-77,91.15,9.30
67.80,1629,-76,91.15,9.30
67.85,1625,-75,91.15,9.30
67.90,1622,-74,91.15,9.30
67.95,1619,-74,91.13,9.30
68.00,1614,-75,91.15,9.30
68.05,1615,-77,91.15,9.30
68.10,1619,-78,91.15,9.30
68.15,1625,-79,91.15,9.30
68.20,1629,-79,91.15,9.30
68.25,1624,-77,91.13,9.30
68.30,1616,-75,91.15,9.30
68.35,1613,-74,91.15,9.30
68.40,1609,-73,91.15,9.30
68.45,1602,-74,91.13,9.30
68.50,1595,-76,91.15,9.30
68.55,1589,-78,91.15,9.30
68.60,1580,-79,91.13,9.30
68.65,1583,-77,91.13,9.30
68.70,1577,-73,91.13,9.30
68.75,1559,-68,91.13,9.30
68.80,1560,-64,91.13,9.30
68.85,1558,-64,91.11,9.30
68.90,1556,-66,91.11,9.30
68.95,1558,-69,91.13,9.30
69.00,1553,-73,91.13,9.30
69.05,1558,-76,91.13,9.30
69.10,1559,-79,91.13,9.30
69.15,1555,-80,91.13,9.30
69.20,1550,-80,91.13,9.30
69.25,1553,-80,91.11,9.30
69.30,1549,-81,91.13,9.30
69.35,1544,-82,91.11,9.30
69.40,1534,-84,91.11,9.30
69.45,1520,-86,91.13,9.30
69.50,1506,-86,91.13,9.30
69.55,1496,-85,91.13,9.30
69.60,1489,-81,91.11,9.30
69.65,1502,-78,91.09,9.30
69.70,1516,-74,91.08,9.30
69.75,1525,-71,91.08,9.30
69.80,1505,-70,91.08,9.30
69.85,1496,-71,91.08,9.30
69.90,1480,-74,91.08,9.30
69.95,1472,-79,91.09,9.30
70.00,1463,-84,91.11,9.30
70.05,1462,-88,91.11,9.30
70.10,1466,-91,91.13,9.30
70.15,1472,-91,91.13,9.30
70.20,1471,-90,91.13,9.30
70.25,1465,-89,91.11,9.30
70.30,1450,-87,91.11,9.30
70.35,1444,-86,91.11,9.30
70.40,1437,-83,91.11,9.30
70.45,1417,-81,91.11,9.30
70.50,1414,-79,91.11,9.30
70.55,1427,-79,91.11,9.30
70.60,1429,-81,91.11,9.30
70.65,1428,-86,91.11,9.30
70.70,1435,-90,91.11,9.30
70.75,1433,-93,91.09,9.30
70.80,1418,-93,91.09,9.30
70.85,1414,-91,91.09,9.30
70.90,1410,-88,91.09,9.30
70.95,1391,-86,91.09,9.30
71.00,1372,-85,91.11,9.30
71.05,1370,-84,91.11,9.30
71.10,1378,-84,91.09,9.30
71.15,1383,-84,91.09,9.30
71.20,1379,-83,91.09,9.30
71.25,1376,-80,91.09,9.30
71.30,1375,-76,91.09,9.30
71.35,1366,-72,91.08,9.30
71.40,1366,-69,91.08,9.30
71.45,1359,-67,91.08,9.30
71.50,1346,-68,91.06,9.30
71.55,1341,-72,91.06,9.30
71.60,1339,-77,91.06,9.30
71.65,1333,-82,91.04,9.30
71.70,1328,-85,91.04,9.30
71.75,1318,-86,91.04,9.30
71.80,1317,-85,91.04,9.30
71.85,1315,-83,91.04,9.30
71.90,1308,-81,91.06,9.30
71.95,1301,-78,91.04,9.30
72.00,1298,-76,91.06,9.30
72.05,1299,-77,91.06,9.30
72.10,1310,-78,91.08,9.30
72.15,1304,-80,91.08,9.30
72.20,1301,-81,91.08,9.30
72.25,1303,-81,91.08,9.30
72.30,1305,-79,91.08,9.30
72.35,1303,-77,91.06,9.30
72.40,1299,-75,91.06,9.30
72.45,1297,-74,91.04,9.30
72.50,1284,-72,91.02,9.30
72.55,1276,-72,91.02,9.30
72.60,1264,-72,91.02,9.30
72.65,1261,-72,91.02,9.30
72.70,1258,-73,91.02,9.30
72.75,1254,-73,91.02,9.30
72.80,1249,-74,91.00,9.30
72.85,1246,-75,91.00,9.30
72.90,1241,-75,91.00,9.30
72.95,1237,-76,91.02,9.30
73.00,1228,-76,91.02,9.30
73.05,1222,-76,91.04,9.30
73.10,1219,-76,91.04,9.30
73.15,1217,-76,91.04,9.30
73.20,1217,-76,91.04,9.30
73.25,1217,-76,91.04,9.30
73.30,1219,-76,91.04,9.30
73.35,1219,-76,91.04,9.30
73.40,1213,-75,91.04,9.30
73.45,1210,-75,91.04,9.30
73.50,1205,-74,91.04,9.30
73.55,1198,-73,91.04,9.30
73.60,1191,-71,91.04,9.30
73.65,1187,-71,91.04,9.30
73.70,1180,-70,91.04,9.30
73.75,1168,-70,91.04,9.30
73.80,1168,-70,91.04,9.30
73.85,1160,-70,91.02,9.30
73.90,1155,-69,91.02,9.30
73.95,1151,-69,91.04,9.30
74.00,1151,-68,91.02,9.30
74.05,1153,-67,91.02,9.30
74.10,1157,-66,91.04,9.30
74.15,1161,-65,91.02,9.30
74.20,1151,-66,91.04,9.30
74.25,1156,-67,91.02,9.30
74.30,1157,-68,91.02,9.30
74.35,1153,-69,91.02,9.30
74.40,1146,-70,91.02,9.30
74.45,1141,-70,91.02,9.30
74.50,1132,-70,91.02,9.30
74.55,1129,-70,91.02,9.30
74.60,1126,-69,91.00,9.30
74.65,1119,-68,91.00,9.30
74.70,1116,-66,91.00,9.30
74.75,1117,-63,91.00,9.30
74.80,1109,-61,91.00,9.30
74.85,1105,-59,91.00,9.30
74.90,1102,-59,91.00,9.30
74.95,1094,-60,91.00,9.30
75.00,1092,-64,91.00,9.30
75.05,1091,-69,91.00,9.30
75.10,1095,-74,90.99,9.30
75.15,1092,-77,90.99,9.30
75.20,1085,-79,90.99,9.30
75.25,1084,-80,90.99,9.30
75.30,1082,-82,90.99,9.30
75.35,1078,-84,90.99,9.30
75.40,1073,-86,90.99,9.30
75.45,1069,-87,90.99,9.30
75.50,1062,-87,90.99,9.30
75.55,1052,-87,90.99,9.30
75.60,1049,-88,90.97,9.30
75.65,1048,-88,90.99,9.30
75.70,1051,-87,90.97,9.30
75.75,1051,-87,90.99,9.30
75.80,1047,-85,90.97,9.30
75.85,1041,-82,90.99,9.30
75.90,1045,-79,90.97,9.30
75.95,1034,-76,90.97,9.30
76.00,1018,-75,90.97,9.30
76.05,1005,-75,90.95,9.30
76.10,995,-76,90.95,9.30
76.15,1000,-77,90.95,9.30
76.20,1010,-78,90.95,9.30
76.25,997,-79,90.95,9.30
76.30,985,-80,90.95,9.30
76.35,975,-80,90.95,9.30
76.40,970,-80,90.93,9.30
76.45,962,-79,90.95,9.30
76.50,958,-78,90.93,9.30
76.55,955,-78,90.93,9.30
76.60,950,-79,90.93,9.30
76.65,945,-81,90.93,9.30
76.70,942,-84,90.93,9.30
76.75,941,-86,90.93,9.30
76.80,942,-89,90.93,9.30
76.85,949,-90,90.93,9.30
76.90,950,-90,90.93,9.30
76.95,951,-89,90.93,9.30
77.00,950,-86,90.91,9.30
77.05,945,-83,90.91,9.30
77.10,941,-80,90.91,9.30
77.15,934,-79,90.91,9.30
77.20,928,-77,90.93,9.30
77.25,923,-74,90.93,9.30
77.30,921,-71,90.93,9.30
77.35,914,-67,90.93,9.30
77.40,912,-63,90.93,9.30
77.45,910,-61,90.93,9.30
77.50,904,-60,90.93,9.30
77.55,903,-61,90.93,9.30
77.60,894,-63,90.93,9.30
77.65,883,-66,90.93,9.30
77.70,880,-67,90.93,9.30
77.75,876,-69,90.91,9.30
77.80,863,-70,90.91,9.30
77.85,859,-72,90.91,9.30
77.90,854,-74,90.91,9.30
77.95,850,-76,90.91,9.30
78.00,850,-79,90.91,9.30
78.05,848,-80,90.91,9.30
78.10,847,-82,90.91,9.30
78.15,848,-83,90.90,9.30
78.20,849,-83,90.90,9.30
78.25,848,-83,90.90,9.30
78.30,847,-82,90.88,9.30
78.35,850,-81,90.88,9.30
78.40,847,-79,90.88,9.30
78.45,846,-76,90.88,9.30
78.50,840,-74,90.90,9.30
78.55,828,-71,90.91,9.30
78.60,813,-68,90.90,9.30
78.65,806,-66,90.90,9.30
78.70,807,-65,90.88,9.30
78.75,809,-64,90.88,9.30
78.80,812,-63,90.86,9.30
78.85,809,-62,90.86,9.30
78.90,799,-60,90.86,9.30
78.95,790,-57,90.86,9.30
79.00,792,-56,90.88,9.30
79.05,780,-55,90.88,9.30
79.10,769,-56,90.90,9.30
79.15,767,-58,90.90,9.30
79.20,762,-61,90.90,9.30
79.25,756,-64,90.90,9.30
79.30,754,-68,90.90,9.30
79.35,758,-80,90.88,9.30
79.40,761,-99,90.86,9.30
79.45,762,-116,90.86,9.30
79.50,764,-131,90.86,9.30
79.55,757,-130,90.84,9.30
79.60,760,-112,90.86,9.30
79.65,762,-96,90.86,9.30
79.70,747,-80,90.86,9.30
79.75,739,-73,90.86,9.30
79.80,726,-73,90.88,9.30
79.85,736,-72,90.88,9.30
79.90,748,-71,90.90,9.30
79.95,745,-70,90.90,9.30
80.00,742,-70,90.88,9.30
80.05,737,-70,90.88,9.30
80.10,735,-70,90.86,9.30
80.15,735,-70,90.86,9.30
80.20,730,-68,90.86,9.30
80.25,712,-67,90.84,9.30
80.30,703,-68,90.84,9.30
80.35,694,-69,90.84,9.30
80.40,403,-71,90.82,9.10
80.45,440,-72,90.84,9.00
80.50,673,-73,90.84,9.10
80.55,672,-72,90.84,9.10
80.60,669,-71,90.84,9.10
80.65,672,-68,90.84,9.10
80.70,667,-65,90.84,9.20
80.75,663,-64,90.86,9.20
80.80,660,-65,90.86,9.20
80.85,665,-68,90.86,9.20
80.90,661,-74,90.86,9.20
80.95,654,-78,90.86,9.20
81.00,647,-82,90.88,9.20
81.05,640,-83,90.88,9.20
81.10,608,-83,90.88,9.20
81.15,631,-82,90.86,9.20
81.20,638,-80,90.88,9.20
81.25,628,-77,90.88,9.20
81.30,624,-66,90.88,9.20
81.35,618,-47,90.86,9.20
81.40,616,-29,90.86,9.30
81.45,617,-10,90.86,9.30
81.50,624,-7,90.86,9.30
81.55,615,-21,90.86,9.30
81.60,613,-35,90.84,9.30
81.65,631,-49,90.84,9.30
81.70,622,-55,90.84,9.30
81.75,615,-54,90.86,9.30
81.80,610,-53,90.86,9.30
81.85,593,-52,90.86,9.30
81.90,584,-52,90.86,9.30
81.95,579,-51,90.86,9.30
82.00,575,-50,90.86,9.30
82.05,572,-49,90.84,9.30
82.10,571,-49,90.82,9.30
82.15,568,-51,90.84,9.30
82.20,564,-53,90.84,9.30
82.25,559,-54,90.86,9.30
82.30,559,-55,90.84,9.30
82.35,558,-54,90.84,9.30
82.40,560,-55,90.84,9.30
82.45,562,-56,90.86,9.30
82.50,562,-58,90.86,9.30
82.55,555,-60,90.86,9.30
82.60,560,-64,90.86,9.30
82.65,559,-67,90.86,9.30
82.70,556,-69,90.86,9.30
82.75,558,-70,90.86,9.30
82.80,568,-68,90.86,9.30
82.85,559,-65,90.84,9.30
82.90,552,-62,90.84,9.30
82.95,546,-60,90.86,9.30
83.00,543,-58,90.84,9.30
83.05,534,-58,90.84,9.30
83.10,528,-58,90.84,9.30
83.15,521,-58,90.84,9.30
83.20,518,-57,90.82,9.30
83.25,519,-56,90.82,9.30
83.30,518,-55,90.81,9.30
83.35,513,-55,90.81,9.30
83.40,507,-56,90.81,9.30
83.45,510,-57,90.79,9.30
83.50,503,-59,90.79,9.30
83.55,499,-60,90.77,9.30
83.60,488,-61,90.77,9.30
83.65,479,-62,90.77,9.30
83.70,476,-64,90.75,9.30
83.75,472,-67,90.77,9.30
83.80,466,-70,90.75,9.30
83.85,466,-71,90.77,9.30
83.90,466,-71,90.77,9.30
83.95,463,-69,90.77,9.30
84.00,462,-66,90.77,9.30
84.05,457,-63,90.77,9.30
84.10,454,-60,90.77,9.30
84.15,448,-58,90.75,9.30
84.20,445,-56,90.73,9.30
84.25,454,-55,90.73,9.30
84.30,463,-54,90.75,9.30
84.35,457,-54,90.75,9.30
84.40,444,-53,90.75,9.30
84.45,438,-51,90.75,9.30
84.50,442,-49,90.72,9.30
84.55,442,-47,90.75,9.30
84.60,444,-44,90.75,9.30
84.65,442,-42,90.77,9.30
84.70,420,-39,90.77,9.30
84.75,422,-38,90.77,9.30
84.80,418,-36,90.77,9.30
84.85,414,-35,90.77,9.30
84.90,410,-34,90.77,9.30
84.95,410,-33,90.77,9.30
85.00,412,-33,90.75,9.30
85.05,412,-32,90.75,9.30
85.10,412,-31,90.75,9.30
85.15,411,-31,90.77,9.30
85.20,411,-32,90.77,9.30
85.25,409,-33,90.77,9.30
85.30,408,-34,90.77,9.30
85.35,408,-33,90.77,9.30
85.40,406,-32,90.77,9.30
85.45,406,-30,90.75,9.30
85.50,404,-29,90.75,9.30
85.55,402,-29,90.75,9.30
85.60,401,-28,90.75,9.30
85.65,400,-26,90.77,9.30
85.70,398,-24,90.75,9.30
85.75,398,-22,90.75,9.30
85.80,399,-20,90.75,9.30
85.85,399,-19,90.75,9.30
85.90,398,-19,90.77,9.30
85.95,396,-19,90.75,9.30
86.00,396,-19,90.77,9.30
86.05,394,-20,90.75,9.30
86.10,391,-20,90.75,9.30
86.15,389,-20,90.75,9.30
86.20,386,-20,90.75,9.30
86.25,387,-19,90.75,9.30
86.30,387,-19,90.75,9.30
86.35,385,-19,90.75,9.30
86.40,386,-19,90.75,9.30
86.45,384,-19,90.75,9.30
86.50,386,-19,90.75,9.30
86.55,386,-19,90.73,9.30
86.60,383,-19,90.73,9.30
86.65,381,-18,90.73,9.30
86.70,381,-18,90.73,9.30
86.75,379,-19,90.73,9.30
86.80,378,-19,90.73,9.30
86.85,376,-20,90.73,9.30
86.90,375,-20,90.73,9.30
86.95,372,-20,90.73,9.30
87.00,373,-19,90.75,9.30
87.05,373,-19,90.73,9.30
87.10,372,-18,90.73,9.30
87.15,372,-18,90.73,9.30
87.20,373,-17,90.73,9.30
87.25,370,-17,90.73,9.30
87.30,370,-18,90.73,9.30
87.35,368,-18,90.73,9.30
87.40,367,-19,90.72,9.30
87.45,366,-20,90.73,9.30
87.50,365,-20,90.72,9.30
87.55,365,-20,90.72,9.30
87.60,364,-21,90.73,9.30
87.65,363,-21,90.72,9.30
87.70,363,-20,90.72,9.30
87.75,361,-20,90.72,9.30
87.80,360,-20,90.73,9.30
87.85,358,-19,90.72,9.30
87.90,357,-19,90.72,9.30
87.95,358,-19,90.72,9.30
88.00,357,-19,90.72,9.30
88.05,355,-19,90.72,9.30
88.10,356,-19,90.72,9.30
88.15,355,-20,90.72,9.30
88.20,353,-20,90.72,9.30
88.25,353,-20,90.72,9.30
88.30,351,-21,90.72,9.30
88.35,349,-21,90.72,9.30
88.40,347,-21,90.72,9.30
88.45,344,-21,90.72,9.30
88.50,345,-21,90.72,9.30
88.55,343,-21,90.72,9.30
88.60,342,-21,90.72,9.30
88.65,341,-21,90.72,9.30
88.70,339,-21,90.72,9.30
88.75,338,-21,90.72,9.30
88.80,341,-21,90.72,9.30
88.85,339,-21,90.72,9.30
88.90,336,-21,90.72,9.30
88.95,337,-21,90.70,9.30
89.00,335,-21,90.70,9.30
89.05,335,-21,90.70,9.30
89.10,334,-21,90.70,9.30
89.15,332,-21,90.70,9.30
89.20,331,-21,90.70,9.30
89.25,329,-20,90.70,9.30
89.30,328,-20,90.70,9.30
89.35,324,-20,90.70,9.30
89.40,325,-20,90.70,9.30
89.45,325,-19,90.68,9.30
89.50,323,-19,90.70,9.30
89.55,324,-18,90.70,9.30
89.60,323,-18,90.70,9.30
89.65,321,-17,90.68,9.30
89.70,319,-17,90.70,9.30
89.75,318,-18,90.70,9.30
89.80,317,-18,90.70,9.30
89.85,318,-18,90.68,9.30
89.90,317,-19,90.70,9.30
89.95,317,-19,90.68,9.30
90.00,314,-19,90.68,9.30
90.05,314,-20,90.68,9.30
90.10,314,-20,90.66,9.30
90.15,313,-19,90.66,9.30
90.20,313,-19,90.66,9.30
90.25,314,-18,90.64,9.30
90.30,310,-18,90.66,9.30
90.35,308,-17,90.66,9.30
90.40,305,-17,90.68,9.30
90.45,306,-17,90.64,9.30
90.50,309,-18,90.64,9.30
90.55,308,-18,90.64,9.30
90.60,307,-18,90.64,9.30
90.65,307,-18,90.64,9.30
90.70,305,-18,90.64,9.30
90.75,304,-18,90.64,9.30
90.80,302,-18,90.64,9.30
90.85,301,-18,90.64,9.30
90.90,299,-19,90.64,9.30
90.95,297,-19,90.66,9.30
91.00,296,-19,90.66,9.30
91.05,294,-19,90.66,9.30
91.10,295,-19,90.66,9.30
91.15,294,-19,90.66,9.30
91.20,292,-19,90.66,9.30
91.25,294,-19,90.66,9.30
91.30,292,-18,90.66,9.30
91.35,291,-18,90.66,9.30
91.40,291,-18,90.66,9.30
91.45,289,-19,90.66,9.30
91.50,289,-19,90.66,9.30
91.55,287,-20,90.66,9.30
91.60,286,-20,90.66,9.30
91.65,285,-20,90.66,9.30
91.70,285,-20,90.66,9.30
91.75,283,-20,90.64,9.30
91.80,282,-20,90.64,9.30
91.85,280,-20,90.64,9.30
91.90,278,-19,90.66,9.30
91.95,278,-19,90.66,9.30
92.00,276,-18,90.66,9.30
92.05,276,-18,90.66,9.30
92.10,276,-18,90.66,9.30
92.15,276,-18,90.66,9.30
92.20,276,-18,90.66,9.30
92.25,275,-18,90.66,9.30
92.30,274,-18,90.64,9.30
92.35,271,-18,90.66,9.30
92.40,271,-18,90.66,9.30
92.45,270,-18,90.64,9.30
92.50,269,-18,90.66,9.30
92.55,269,-18,90.64,9.30
92.60,267,-18,90.64,9.30
92.65,265,-18,90.64,9.30
92.70,265,-18,90.64,9.30
92.75,262,-18,90.64,9.30
92.80,262,-18,90.64,9.30
92.85,261,-18,90.64,9.30
92.90,261,-17,90.64,9.30
92.95,260,-17,90.64,9.30
93.00,260,-17,90.64,9.30
93.05,259,-17,90.63,9.30
93.10,258,-17,90.63,9.30
93.15,259,-18,90.63,9.30
93.20,258,-18,90.63,9.30
93.25,257,-18,90.63,9.30
93.30,257,-18,90.61,9.30
93.35,255,-18,90.61,9.30
93.40,253,-18,90.61,9.30
93.45,253,-18,90.61,9.30
93.50,252,-18,90.61,9.30
93.55,250,-18,90.61,9.30
93.60,250,-18,90.61,9.30
93.65,248,-18,90.63,9.30
93.70,248,-18,90.61,9.30
93.75,247,-17,90.61,9.30
93.80,245,-17,90.61,9.30
93.85,245,-17,90.61,9.30
93.90,244,-17,90.61,9.30
93.95,245,-17,90.61,9.30
94.00,242,-18,90.61,9.30
94.05,243,-18,90.61,9.30
94.10,241,-19,90.63,9.30
94.15,240,-19,90.63,9.30
94.20,240,-19,90.61,9.30
94.25,237,-19,90.63,9.30
94.30,237,-19,90.61,9.30
94.35,235,-19,90.63,9.30
94.40,234,-20,90.63,9.30
94.45,234,-20,90.61,9.30
94.50,233,-20,90.63,9.30
94.55,231,-20,90.61,9.30
94.60,230,-20,90.61,9.30
94.65,229,-20,90.61,9.30
94.70,230,-20,90.61,9.30
94.75,229,-20,90.61,9.30
94.80,229,-20,90.61,9.30
94.85,229,-20,90.61,9.30
94.90,226,-20,90.61,9.30
94.95,224,-20,90.61,9.30
95.00,223,-20,90.61,9.30
95.05,222,-21,90.61,9.30
95.10,222,-20,90.61,9.30
95.15,221,-20,90.61,9.30
95.20,220,-20,90.61,9.30
95.25,218,-20,90.61,9.30
95.30,217,-20,90.59,9.30
95.35,216,-20,90.59,9.30
95.40,214,-19,90.61,9.30
95.45,213,-19,90.59,9.30
95.50,211,-19,90.59,9.30
95.55,211,-19,90.59,9.30
95.60,210,-19,90.59,9.30
95.65,209,-20,90.59,9.30
95.70,208,-20,90.59,9.30
95.75,208,-20,90.59,9.30
95.80,205,-21,90.59,9.30
95.85,206,-21,90.59,9.30
95.90,204,-21,90.59,9.30
95.95,203,-21,90.59,9.30
96.00,202,-21,90.59,9.30
96.05,201,-21,90.59,9.30
96.10,200,-21,90.59,9.30
96.15,201,-21,90.59,9.30
96.20,199,-21,90.57,9.30
96.25,197,-21,90.59,9.30
96.30,198,-21,90.57,9.30
96.35,197,-21,90.57,9.30
96.40,195,-21,90.57,9.30
96.45,195,-21,90.57,9.30
96.50,194,-21,90.57,9.30
96.55,193,-21,90.55,9.30
96.60,192,-21,90.57,9.30
96.65,190,-21,90.55,9.30
96.70,190,-21,90.55,9.30
96.75,188,-21,90.55,9.30
96.80,185,-21,90.55,9.30
96.85,185,-22,90.55,9.30
96.90,184,-22,90.55,9.30
96.95,183,-22,90.57,9.30
97.00,181,-22,90.55,9.30
97.05,180,-22,90.57,9.30
97.10,180,-22,90.55,9.30
97.15,178,-22,90.55,9.30
97.20,177,-23,90.55,9.30
97.25,176,-23,90.55,9.30
97.30,175,-23,90.54,9.30
97.35,173,-23,90.55,9.30
97.40,174,-23,90.54,9.30
97.45,172,-23,90.54,9.30
97.50,170,-23,90.55,9.30
97.55,170,-23,90.55,9.30
97.60,168,-23,90.55,9.30
97.65,168,-23,90.55,9.30
97.70,165,-23,90.55,9.30
97.75,165,-22,90.55,9.30
97.80,162,-22,90.57,9.30
97.85,162,-22,90.55,9.30
97.90,160,-22,90.55,9.30
97.95,159,-22,90.55,9.30
98.00,158,-21,90.55,9.30
98.05,157,-21,90.55,9.30
98.10,156,-21,90.57,9.30
98.15,155,-21,90.55,9.30
98.20,154,-20,90.55,9.30
98.25,153,-20,90.57,9.30
98.30,152,-20,90.57,9.30
98.35,151,-20,90.55,9.30
98.40,150,-20,90.57,9.30
98.45,150,-20,90.55,9.30
98.50,149,-20,90.55,9.30
98.55,147,-20,90.55,9.30
98.60,147,-20,90.55,9.30
98.65,145,-20,90.55,9.30
98.70,144,-20,90.55,9.30
98.75,142,-20,90.55,9.30
98.80,143,-19,90.55,9.30
98.85,142,-19,90.54,9.30
98.90,140,-19,90.54,9.30
98.95,139,-19,90.54,9.30
99.00,139,-19,90.54,9.30
99.05,139,-19,90.54,9.30
99.10,138,-19,90.54,9.30
99.15,138,-19,90.54,9.30
99.20,137,-19,90.54,9.30
99.25,136,-19,90.54,9.30
99.30,135,-19,90.54,9.30
99.35,134,-19,90.54,9.30
99.40,134,-19,90.52,9.30
99.45,132,-19,90.54,9.30
99.50,130,-19,90.54,9.30
99.55,129,-19,90.52,9.30
99.60,127,-19,90.54,9.30
99.65,128,-18,90.52,9.30
99.70,127,-18,90.54,9.30
99.75,125,-19,90.54,9.30
99.80,123,-19,90.52,9.30
99.85,123,-19,90.52,9.30
99.90,123,-19,90.52,9.30
99.95,122,-19,90.52,9.30
100.00,120,-19,90.52,9.30
100.05,120,-19,90.52,9.30
100.10,118,-19,90.52,9.30
100.15,118,-19,90.52,9.30
100.20,117,-19,90.52,9.30
100.25,116,-19,90.52,9.30
100.30,114,-19,90.52,9.30
100.35,114,-19,90.52,9.30
100.40,112,-19,90.52,9.30
100.45,111,-19,90.52,9.30
100.50,110,-19,90.52,9.30
100.55,111,-19,90.52,9.30
100.60,110,-19,90.52,9.30
100.65,109,-18,90.52,9.30
100.70,107,-18,90.52,9.30
100.75,105,-18,90.54,9.30
100.80,104,-18,90.52,9.30
100.85,103,-18,90.54,9.30
100.90,102,-18,90.54,9.30
100.95,102,-18,90.52,9.30
101.00,101,-18,90.54,9.30
101.05,101,-18,90.54,9.30
101.10,100,-18,90.54,9.30
101.15,99,-18,90.52,9.30
101.20,98,-18,90.52,9.30
101.25,97,-18,90.52,9.30
101.30,96,-18,90.54,9.30
101.35,96,-18,90.52,9.30
101.40,94,-18,90.54,9.30
101.45,93,-18,90.52,9.30
101.50,93,-18,90.52,9.30
101.55,92,-18,90.52,9.30
101.60,92,-18,90.52,9.30
101.65,90,-18,90.54,9.30
101.70,89,-18,90.52,9.30
101.75,89,-17,90.52,9.30
101.80,89,-17,90.52,9.30
101.85,87,-17,90.52,9.30
101.90,87,-17,90.52,9.30
101.95,86,-17,90.50,9.30
102.00,84,-17,90.50,9.30
102.05,83,-18,90.50,9.30
102.10,82,-18,90.50,9.30
102.15,81,-18,90.50,9.30
102.20,80,-18,90.50,9.30
102.25,79,-18,90.50,9.30
102.30,79,-18,90.50,9.30
102.35,78,-18,90.50,9.30
102.40,75,-18,90.50,9.30
102.45,78,-18,90.50,9.30
102.50,75,-18,90.50,9.30
102.55,73,-18,90.52,9.30
102.60,74,-18,90.52,9.30
102.65,73,-19,90.50,9.30
102.70,73,-19,90.50,9.30
102.75,71,-19,90.50,9.30
102.80,70,-19,90.50,9.30
102.85,69,-19,90.50,9.30
102.90,69,-20,90.50,9.30
102.95,68,-19,90.50,9.30
103.00,66,-19,90.50,9.30
103.05,65,-19,90.50,9.30
103.10,63,-19,90.50,9.30
103.15,62,-19,90.48,9.30
103.20,62,-19,90.48,9.30
103.25,61,-19,90.48,9.30
103.30,60,-19,90.48,9.30
103.35,59,-18,90.48,9.30
103.40,58,-18,90.48,9.30
103.45,58,-18,90.48,9.30
103.50,57,-18,90.48,9.30
103.55,56,-18,90.48,9.30
103.60,54,-18,90.48,9.30
103.65,53,-18,90.48,9.30
103.70,52,-19,90.48,9.30
103.75,50,-19,90.50,9.30
103.80,50,-19,90.48,9.30
103.85,48,-18,90.48,9.30
103.90,48,-18,90.50,9.30
103.95,46,-18,90.50,9.30
104.00,46,-18,90.48,9.30
104.05,46,-18,90.48,9.30
104.10,43,-18,90.48,9.30
104.15,45,-18,90.48,9.30
104.20,42,-18,90.48,9.30
104.25,43,-18,90.48,9.30
104.30,42,-18,90.48,9.30
104.35,41,-18,90.48,9.30
104.40,39,-18,90.48,9.30
104.45,39,-18,90.48,9.30
104.50,40,-18,90.48,9.30
104.55,38,-17,90.48,9.30
104.60,37,-17,90.48,9.30
104.65,35,-17,90.48,9.30
104.70,35,-16,90.48,9.30
104.75,34,-16,90.48,9.30
104.80,34,-16,90.48,9.30
104.85,32,-15,90.46,9.30
104.90,32,-15,90.46,9.30
104.95,31,-15,90.46,9.30
105.00,31,-15,90.46,9.30
105.05,29,-15,90.46,9.30
105.10,28,-15,90.46,9.30
105.15,27,-16,90.46,9.30
105.20,26,-16,90.46,9.30
105.25,26,-16,90.46,9.30
105.30,25,-16,90.46,9.30
105.35,24,-15,90.46,9.30
105.40,23,-15,90.46,9.30
105.45,22,-15,90.46,9.30
105.50,22,-15,90.46,9.30
105.55,20,-15,90.46,9.30
105.60,21,-15,90.46,9.30
105.65,21,-15,90.46,9.30
105.70,20,-15,90.46,9.30
105.75,19,-15,90.46,9.30
105.80,19,-15,90.46,9.30
105.85,17,-15,90.46,9.30
105.90,17,-15,90.46,9.30
105.95,17,-15,90.46,9.30
106.00,14,-15,90.46,9.30
106.05,14,-15,90.46,9.30
106.10,14,-15,90.46,9.30
106.15,13,-15,90.46,9.30
106.20,11,-14,90.46,9.30
106.25,12,-14,90.46,9.30
106.30,10,-14,90.46,9.30
106.35,10,-14,90.46,9.30
106.40,10,-14,90.46,9.30
106.45,10,-14,90.46,9.30
106.50,9,-14,90.45,9.30
106.55,8,-14,90.46,9.30
106.60,7,-14,90.46,9.30
106.65,6,-14,90.45,9.30
106.70,6,-14,90.45,9.30
106.75,4,-13,90.45,9.30
106.80,6,-13,90.45,9.30
106.85,3,-13,90.46,9.30
106.90,1,-13,90.46,9.30
106.95,1,-13,90.46,9.30
107.00,1,-13,90.45,9.30
107.05,-1,-12,90.45,9.30
107.10,-2,-12,90.46,9.30
107.15,-2,-12,90.45,9.30
107.20,-1,-12,90.46,9.30
107.25,-2,-12,90.46,9.30
107.30,-3,-12,90.45,9.30
107.35,-4,-12,90.45,9.30
107.40,-4,-12,90.45,9.30
107.45,-5,-12,90.45,9.30
107.50,-6,-12,90.45,9.30
107.55,-6,-12,90.45,9.30
107.60,-7,-12,90.46,9.30
107.65,-7,-12,90.45,9.30
107.70,-6,-11,90.45,9.30
107.75,-7,-11,90.45,9.30
107.80,-9,-10,90.45,9.30
107.85,-8,-9,90.45,9.30
107.90,-9,-8,90.45,9.30
107.95,-9,-8,90.45,9.30
108.00,-10,-7,90.45,9.30
108.05,-11,-7,90.45,9.30
108.10,-11,-7,90.45,9.30
108.15,-12,-7,90.43,9.30
108.20,-13,-7,90.45,9.30
108.25,-13,-6,90.45,9.30
108.30,-14,-6,90.45,9.30
108.35,-15,-6,90.43,9.30
108.40,-14,-5,90.43,9.30
108.45,-14,-5,90.43,9.30
108.50,-16,-4,90.43,9.30
108.55,-16,-4,90.43,9.30
108.60,-16,-4,90.43,9.30
108.65,-17,-4,90.45,9.30
108.70,-16,-4,90.43,9.30
108.75,-16,-4,90.43,9.30
108.80,-15,-3,90.41,9.30
108.85,-11,-3,90.41,9.30
108.90,-14,-3,90.41,9.30
108.95,-15,-2,90.41,9.30
109.00,-14,-2,90.41,9.30
109.05,-15,-2,90.43,9.30
109.10,-14,-2,90.43,9.30
109.15,-16,-1,90.41,9.30
109.20,-14,-1,90.41,9.30
109.25,-15,-1,90.41,9.30
109.30,-15,-0,90.41,9.30
109.35,-14,-0,90.41,9.30
109.40,-13,-0,90.41,9.30
109.45,-14,0,90.41,9.30
109.50,-15,0,90.41,9.30
109.55,-15,1,90.41,9.30
109.60,-15,1,90.41,9.30
109.65,-15,1,90.41,9.30
109.70,-14,1,90.41,9.30
109.75,-14,0,90.41,9.30
109.80,-14,0,90.41,9.30
109.85,-14,-0,90.39,9.30
109.90,-15,-0,90.41,9.30
109.95,-14,0,90.41,9.30
110.00,-14,0,90.41,9.30
110.05,-14,0,90.41,9.30
110.10,-15,0,90.39,9.30
110.15,-14,0,90.41,9.30
110.20,-15,0,90.39,9.30
110.25,-14,0,90.41,9.30
110.30,-14,-0,90.39,9.30
110.35,-15,-0,90.39,9.30
110.40,-15,-0,90.39,9.30
110.45,-15,-0,90.41,9.30
110.50,-14,0,90.39,9.30
110.55,-14,0,90.39,9.30
110.60,-14,0,90.39,9.30
110.65,-14,0,90.39,9.30
110.70,-15,-0,90.39,9.30
110.75,-14,-0,90.39,9.30
110.80,-14,-0,90.39,9.30
110.85,-14,-0,90.39,9.30
110.90,-14,-0,90.39,9.30
110.95,-14,-0,90.39,9.30
111.00,-14,-0,90.39,9.30
111.05,-15,-0,90.39,9.30
111.10,-14,-0,90.39,9.30
111.15,-14,-0,90.39,9.30
111.20,-15,-0,90.39,9.30
111.25,-15,-0,90.39,9.30
111.30,-15,-0,90.39,9.30
111.35,-14,0,90.39,9.30
111.40,-14,0,90.39,9.30
111.45,-15,0,90.37,9.30
111.50,-14,0,90.37,9.30
111.55,-15,-0,90.37,9.30
111.60,-14,-0,90.39,9.30
111.65,-14,-0,90.39,9.30
111.70,-15,-0,90.37,9.30
111.75,-15,-0,90.37,9.30
111.80,-15,-0,90.37,9.30
111.85,-15,-0,90.37,9.30
111.90,-15,-0,90.39,9.30
111.95,-14,-0,90.37,9.30
112.00,-15,-0,90.37,9.30
112.05,-15,-0,90.37,9.30
112.10,-15,-0,90.37,9.30
112.15,-14,-0,90.37,9.30
112.20,-15,-0,90.37,9.30
112.25,-15,0,90.37,9.30
112.30,-15,0,90.37,9.30
112.35,-14,0,90.37,9.30
112.40,-14,0,90.37,9.30
112.45,-14,-0,90.37,9.30
112.50,-14,-0,90.37,9.30
112.55,-15,-0,90.37,9.30
112.60,-15,-0,90.37,9.30
112.65,-15,-0,90.37,9.30
112.70,-15,-0,90.37,9.30
112.75,-14,0,90.36,9.30
112.80,-15,0,90.36,9.30
112.85,-14,0,90.37,9.30
112.90,-14,0,90.37,9.30
112.95,-14,0,90.36,9.30
113.00,-15,0,90.37,9.30
113.05,-15,0,90.36,9.30
113.10,-15,0,90.36,9.30
113.15,-14,0,90.37,9.30
113.20,-15,0,90.36,9.30
113.25,-15,-0,90.36,9.30
113.30,-14,-0,90.36,9.30
113.35,-14,-0,90.36,9.30
113.40,-15,-0,90.36,9.30
113.45,-14,-0,90.36,9.30
113.50,-15,-0,90.36,9.30
113.55,-15,-0,90.36,9.30
113.60,-15,-0,90.36,9.30
113.65,-14,-0,90.36,9.30
113.70,-15,-0,90.36,9.30
113.75,-15,-0,90.36,9.30
113.80,-14,-0,90.36,9.30
113.85,-15,-0,90.36,9.30
113.90,-14,-0,90.36,9.30
113.95,-14,-0,90.36,9.30
114.00,-15,0,90.36,9.30
114.05,-15,0,90.36,9.30
114.10,-14,0,90.36,9.30
114.15,-15,0,90.36,9.30
114.20,-15,1,90.36,9.30
114.25,-15,1,90.36,9.30
114.30,-14,1,90.36,9.30
114.35,-15,1,90.36,9.30
114.40,-15,1,90.36,9.30
114.45,-15,1,90.36,9.30
114.50,-15,1,90.36,9.30
114.55,-16,1,90.36,9.30
114.60,-15,1,90.36,9.30
114.65,-14,1,90.36,9.30
114.70,-15,1,90.36,9.30
114.75,-16,0,90.36,9.30
114.80,-15,0,90.36,9.30
114.85,-15,0,90.36,9.30
114.90,-15,0,90.34,9.30
114.95,-14,0,90.34,9.30
115.00,-15,0,90.34,9.30
115.05,-14,0,90.34,9.30
115.10,-14,1,90.34,9.30
115.15,-13,1,90.34,9.30
115.20,-13,1,90.34,9.30
115.25,-14,2,90.34,9.30
115.30,-13,3,90.34,9.30
115.35,-13,4,90.34,9.30
115.40,-13,4,90.34,9.30
115.45,-14,2,90.34,9.30
115.50,-12,0,90.34,9.30
115.55,-14,-1,90.34,9.30
115.60,-14,-2,90.34,9.30
115.65,-14,-2,90.34,9.30
115.70,-13,-1,90.34,9.30
115.75,-14,-1,90.34,9.30
115.80,-14,-1,90.34,9.30
115.85,-13,-1,90.34,9.30
115.90,-14,-0,90.34,9.30
115.95,-15,-0,90.34,9.30
116.00,-14,-0,90.34,9.30
116.05,-13,-0,90.34,9.30
116.10,-13,-0,90.34,9.30
116.15,-14,-0,90.34,9.30
116.20,-14,-0,90.32,9.30
116.25,-13,-0,90.32,9.30
116.30,-14,-0,90.34,9.30
116.35,-14,-0,90.34,9.30
