Time,Altitude,Velocity,Temperature (F),Voltage,Acceleration (calculated)
0,-13,0,91.36,9.3,2540
0.05,-7,127,91.36,9.3,-1480
0.1,0,53,91.36,9.3,220
0.15,-1,64,91.36,9.3,-280
0.2,1,50,91.36,9.3,-140
0.25,3,43,91.36,9.3,20
0.3,3,44,91.36,9.3,60
0.35,7,47,91.36,9.3,120
0.4,10,53,91.36,9.3,160
0.45,12,61,91.36,9.3,160
0.5,15,69,91.36,9.3,200
0.55,20,79,91.36,9.3,220
0.6,23,90,91.36,9.3,220
0.65,29,101,91.36,9.3,220
0.7,33,112,91.36,9.3,220
0.75,42,123,91.36,9.3,180
0.8,48,132,91.36,9.3,200
0.85,54,142,91.36,9.3,180
0.9,61,151,91.36,9.3,200
0.95,70,161,91.36,9.3,200
1,79,171,91.36,9.3,200
1.05,87,181,91.36,9.3,180
1.1,97,190,91.36,9.3,200
1.15,107,200,91.35,9.3,180
1.2,118,209,91.36,9.3,220
1.25,128,220,91.36,9.3,220
1.3,139,231,91.36,9.3,240
1.35,152,243,91.36,9.3,260
1.4,165,256,91.36,9.3,260
1.45,177,269,91.36,9.3,240
1.5,193,281,91.36,9.3,220
1.55,207,292,91.36,9.3,220
1.6,222,303,91.36,9.3,160
1.65,238,311,91.36,9.3,140
1.7,255,318,91.36,9.3,160
1.75,270,326,91.35,9.3,180
1.8,286,335,91.36,9.3,200
1.85,304,345,91.36,9.3,220
1.9,321,356,91.36,9.3,240
1.95,340,368,91.36,9.3,240
2,359,380,91.36,9.3,240
2.05,379,392,91.36,9.3,220
2.1,398,403,91.36,9.3,220
2.15,420,414,91.36,9.3,180
2.2,441,423,91.36,9.3,200
2.25,463,433,91.36,9.3,180
2.3,484,442,91.36,9.3,180
2.35,507,451,91.35,9.3,180
2.4,530,460,91.35,9.3,180
2.45,554,469,91.36,9.3,180
2.5,577,478,91.36,9.3,160
2.55,602,486,91.35,9.3,120
2.6,627,492,91.35,9.3,140
2.65,652,499,91.36,9.3,200
2.7,677,509,91.36,9.3,240
2.75,702,521,91.35,9.3,280
2.8,727,535,91.36,9.3,280
2.85,755,549,91.36,9.3,220
2.9,786,560,91.36,9.3,100
2.95,816,565,91.35,9.3,60
3,845,568,91.36,9.3,120
3.05,870,574,91.35,9.3,220
3.1,897,585,91.36,9.3,340
3.15,926,602,91.36,9.3,320
3.2,958,618,91.36,9.3,140
3.25,993,625,91.35,9.3,-120
3.3,1029,619,91.36,9.3,-300
3.35,1062,604,91.36,9.3,-360
3.4,1088,586,91.36,9.3,-180
3.45,1108,577,91.36,9.3,20
3.5,1132,578,91.36,9.3,100
3.55,1169,583,91.36,9.3,120
3.6,1205,589,91.36,9.3,-60
3.65,1232,586,91.36,9.3,-260
3.7,1260,573,91.36,9.3,-300
3.75,1287,558,91.35,9.3,-260
3.8,1313,545,91.36,9.3,-140
3.85,1341,538,91.36,9.3,60
3.9,1364,541,91.35,9.3,160
3.95,1391,549,91.36,9.3,180
4,1422,558,91.35,9.3,160
4.05,1450,566,91.36,9.3,60
4.1,1479,569,91.36,9.3,-100
4.15,1507,564,91.36,9.3,-220
4.2,1539,553,91.36,9.3,-260
4.25,1565,540,91.36,9.3,-200
4.3,1589,530,91.35,9.3,-80
4.35,1612,526,91.36,9.3,20
4.4,1638,527,91.35,9.3,60
4.45,1666,530,91.36,9.3,0
4.5,1696,530,91.35,9.3,-80
4.55,1723,526,91.35,9.3,-160
4.6,1749,518,91.35,9.3,-180
4.65,1770,509,91.36,9.3,-120
4.7,1796,503,91.35,9.3,-40
4.75,1821,501,91.35,9.3,-20
4.8,1847,500,91.35,9.3,0
4.85,1873,500,91.35,9.3,-40
4.9,1896,498,91.35,9.3,-60
4.95,1922,495,91.35,9.3,-60
5,1947,492,91.35,9.3,-60
5.05,1970,489,91.35,9.3,-20
5.1,1995,488,91.35,9.3,-20
5.15,2019,487,91.35,9.3,0
5.2,2043,487,91.35,9.3,-20
5.25,2068,486,91.35,9.3,-40
5.3,2093,484,91.35,9.3,-40
5.35,2117,482,91.35,9.3,-60
5.4,2140,479,91.35,9.3,-20
5.45,2163,478,91.35,9.3,-40
5.5,2188,476,91.35,9.3,-20
5.55,2211,475,91.35,9.3,-40
5.6,2237,473,91.35,9.3,-80
5.65,2259,469,91.35,9.3,-60
5.7,2282,466,91.33,9.3,-60
5.75,2304,463,91.35,9.3,-60
5.8,2329,460,91.35,9.3,-40
5.85,2353,458,91.33,9.3,-40
5.9,2372,456,91.33,9.3,-60
5.95,2397,453,91.33,9.3,-80
6,2419,449,91.35,9.3,-80
6.05,2443,445,91.33,9.3,-80
6.1,2464,441,91.33,9.3,-40
6.15,2485,439,91.33,9.3,-20
6.2,2505,438,91.33,9.3,0
6.25,2530,438,91.33,9.3,0
6.3,2550,438,91.33,9.3,0
6.35,2574,438,91.33,9.3,-40
6.4,2594,436,91.35,9.3,-60
6.45,2617,433,91.33,9.3,-40
6.5,2638,431,91.33,9.3,-40
6.55,2659,429,91.33,9.3,-40
6.6,2680,427,91.33,9.3,-60
6.65,2702,424,91.33,9.3,-60
6.7,2724,421,91.33,9.3,-60
6.75,2744,418,91.33,9.3,-80
6.8,2764,414,91.33,9.3,-80
6.85,2786,410,91.33,9.3,-40
6.9,2805,408,91.33,9.3,-20
6.95,2826,407,91.33,9.3,0
7,2845,407,91.33,9.3,20
7.05,2866,408,91.33,9.3,0
7.1,2887,408,91.33,9.3,-20
7.15,2907,407,91.33,9.3,-40
7.2,2928,405,91.33,9.3,-100
7.25,2948,400,91.33,9.3,-80
7.3,2968,396,91.33,9.3,-100
7.35,2987,391,91.33,9.3,-80
7.4,3006,387,91.33,9.3,-60
7.45,3025,384,91.33,9.3,-40
7.5,3045,382,91.33,9.3,-40
7.55,3063,380,91.31,9.3,-20
7.6,3082,379,91.33,9.3,0
7.65,3102,379,91.31,9.3,-20
7.7,3119,378,91.31,9.3,0
7.75,3140,378,91.33,9.3,-20
7.8,3157,377,91.33,9.3,-20
7.85,3177,376,91.31,9.3,-60
7.9,3196,373,91.31,9.3,-40
7.95,3214,371,91.33,9.3,-60
8,3233,368,91.31,9.3,-80
8.05,3250,364,91.31,9.3,-60
8.1,3269,361,91.31,9.3,-80
8.15,3287,357,91.31,9.3,-40
8.2,3304,355,91.33,9.3,-60
8.25,3322,352,91.31,9.3,-40
8.3,3339,350,91.31,9.3,-20
8.35,3357,349,91.31,9.3,-20
8.4,3374,348,91.31,9.3,-20
8.45,3391,347,91.31,9.3,-20
8.5,3409,346,91.31,9.3,-20
8.55,3426,345,91.31,9.3,-20
8.6,3443,344,91.31,9.3,-40
8.65,3460,342,91.31,9.3,-60
8.7,3478,339,91.31,9.3,-60
8.75,3495,336,91.31,9.3,-60
8.8,3511,333,91.31,9.3,-60
8.85,3526,330,91.31,9.3,-40
8.9,3544,328,91.31,9.3,-40
8.95,3560,326,91.31,9.3,0
9,3576,326,91.31,9.3,-20
9.05,3592,325,91.31,9.3,0
9.1,3609,325,91.31,9.3,-20
9.15,3624,324,91.31,9.3,-40
9.2,3641,322,91.31,9.3,-60
9.25,3658,319,91.31,9.3,-60
9.3,3673,316,91.31,9.3,-80
9.35,3688,312,91.31,9.3,-100
9.4,3704,307,91.31,9.3,-60
9.45,3720,304,91.31,9.3,-40
9.5,3733,302,91.29,9.3,0
9.55,3748,302,91.31,9.3,0
9.6,3764,302,91.31,9.3,0
9.65,3780,302,91.31,9.3,-20
9.7,3794,301,91.29,9.3,-20
9.75,3809,300,91.29,9.3,-40
9.8,3825,298,91.31,9.3,-40
9.85,3839,296,91.31,9.3,-60
9.9,3853,293,91.29,9.3,-40
9.95,3869,291,91.29,9.3,-40
10,3883,289,91.29,9.3,-20
10.05,3896,288,91.31,9.3,-40
10.1,3912,286,91.31,9.3,-20
10.15,3925,285,91.31,9.3,-20
10.2,3941,284,91.29,9.3,-20
10.25,3953,283,91.29,9.3,-40
10.3,3968,281,91.31,9.3,-60
10.35,3982,278,91.31,9.3,-60
10.4,3997,275,91.31,9.3,-60
10.45,4009,272,91.31,9.3,-40
10.5,4023,270,91.29,9.3,-40
10.55,4036,268,91.29,9.3,-40
10.6,4049,266,91.29,9.3,-40
10.65,4063,264,91.29,9.3,-20
10.7,4076,263,91.29,9.3,-40
10.75,4089,261,91.29,9.3,-60
10.8,4102,258,91.29,9.3,-20
10.85,4114,257,91.29,9.3,-40
10.9,4128,255,91.29,9.3,-20
10.95,4140,254,91.31,9.3,-20
11,4152,253,91.29,9.3,-40
11.05,4165,251,91.29,9.3,-40
11.1,4178,249,91.29,9.3,-40
11.15,4191,247,91.29,9.3,-40
11.2,4202,245,91.29,9.3,-40
11.25,4214,243,91.29,9.3,-40
11.3,4227,241,91.29,9.3,-20
11.35,4238,240,91.29,9.3,0
11.4,4250,240,91.29,9.3,-20
11.45,4262,239,91.29,9.3,-40
11.5,4275,237,91.29,9.3,-40
11.55,4286,235,91.29,9.3,-60
11.6,4298,232,91.29,9.3,-80
11.65,4309,228,91.29,9.3,-80
11.7,4321,224,91.29,9.3,-60
11.75,4331,221,91.29,9.3,-40
11.8,4342,219,91.29,9.3,0
11.85,4353,219,91.29,9.3,0
11.9,4363,219,91.29,9.3,20
11.95,4375,220,91.29,9.3,20
12,4386,221,91.29,9.3,-20
12.05,4397,220,91.29,9.3,-40
12.1,4409,218,91.29,9.3,-60
12.15,4419,215,91.29,9.3,-40
12.2,4429,213,91.29,9.3,-40
12.25,4440,211,91.29,9.3,-20
12.3,4450,210,91.29,9.3,-20
12.35,4461,209,91.29,9.3,-20
12.4,4471,208,91.29,9.3,-40
12.45,4482,206,91.29,9.3,-60
12.5,4492,203,91.29,9.3,-80
12.55,4502,199,91.29,9.3,-80
12.6,4512,195,91.29,9.3,-60
12.65,4521,192,91.29,9.3,-40
12.7,4530,190,91.29,9.3,-40
12.75,4540,188,91.29,9.3,0
12.8,4549,188,91.27,9.3,0
12.85,4558,188,91.29,9.3,0
12.9,4568,188,91.29,9.3,-20
12.95,4578,187,91.29,9.3,-40
13,4587,185,91.27,9.3,-40
13.05,4596,183,91.29,9.3,-40
13.1,4604,181,91.29,9.3,-40
13.15,4615,179,91.27,9.3,-20
13.2,4623,178,91.27,9.3,-40
13.25,4631,176,91.29,9.3,-20
13.3,4640,175,91.29,9.3,0
13.35,4649,175,91.29,9.3,-20
13.4,4658,174,91.27,9.3,-40
13.45,4667,172,91.29,9.3,-40
13.5,4674,170,91.29,9.3,-40
13.55,4684,168,91.27,9.3,-60
13.6,4692,165,91.29,9.3,-40
13.65,4700,163,91.27,9.3,-60
13.7,4707,160,91.27,9.3,-20
13.75,4716,159,91.27,9.3,-40
13.8,4723,157,91.29,9.3,-40
13.85,4732,155,91.27,9.3,-20
13.9,4739,154,91.29,9.3,-20
13.95,4746,153,91.27,9.3,-40
14,4754,151,91.27,9.3,-40
14.05,4762,149,91.27,9.3,-20
14.1,4769,148,91.29,9.3,-40
14.15,4776,146,91.27,9.3,-40
14.2,4784,144,91.27,9.3,-40
14.25,4790,142,91.27,9.3,-60
14.3,4798,139,91.27,9.3,-20
14.35,4805,138,91.27,9.3,-20
14.4,4810,137,91.27,9.3,-20
14.45,4818,136,91.29,9.3,0
14.5,4825,136,91.27,9.3,-20
14.55,4831,135,91.27,9.3,-40
14.6,4839,133,91.27,9.3,-40
14.65,4845,131,91.27,9.3,-40
14.7,4851,129,91.27,9.3,-60
14.75,4858,126,91.27,9.3,-40
14.8,4864,124,91.27,9.3,-40
14.85,4870,122,91.27,9.3,-20
14.9,4875,121,91.27,9.3,-20
14.95,4882,120,91.27,9.3,0
15,4888,120,91.27,9.3,-20
15.05,4894,119,91.27,9.3,-20
15.1,4900,118,91.27,9.3,-60
15.15,4905,115,91.27,9.3,-40
15.2,4912,113,91.27,9.3,-60
15.25,4917,110,91.27,9.3,-40
15.3,4922,108,91.27,9.3,-20
15.35,4927,107,91.27,9.3,-20
15.4,4932,106,91.27,9.3,-20
15.45,4939,105,91.27,9.3,-20
15.5,4943,104,91.26,9.3,-40
15.55,4949,102,91.27,9.3,-40
15.6,4953,100,91.27,9.3,-40
15.65,4958,98,91.27,9.3,-40
15.7,4963,96,91.27,9.3,-20
15.75,4968,95,91.27,9.3,-40
15.8,4973,93,91.27,9.3,-20
15.85,4977,92,91.27,9.3,-40
15.9,4981,90,91.27,9.3,-20
15.95,4986,89,91.27,9.3,-40
16,4991,87,91.27,9.3,-20
16.05,4994,86,91.27,9.3,-40
16.1,4999,84,91.27,9.3,-60
16.15,5003,81,91.27,9.3,-40
16.2,5008,79,91.27,9.3,-40
16.25,5010,77,91.27,9.3,-20
16.3,5014,76,91.27,9.3,0
16.35,5018,76,91.27,9.3,-20
16.4,5022,75,91.27,9.3,-20
16.45,5027,74,91.27,9.3,-20
16.5,5028,73,91.27,9.3,-20
16.55,5033,72,91.27,9.3,-40
16.6,5037,70,91.27,9.3,-40
16.65,5040,68,91.27,9.3,-40
16.7,5043,66,91.27,9.3,-40
16.75,5046,64,91.27,9.3,-40
16.8,5050,62,91.27,9.3,-20
16.85,5052,61,91.27,9.3,-20
16.9,5055,60,91.27,9.3,0
16.95,5058,60,91.27,9.3,-20
17,5062,59,91.26,9.3,-20
17.05,5064,58,91.27,9.3,-60
17.1,5067,55,91.27,9.3,-80
17.15,5071,51,91.26,9.3,-60
17.2,5072,48,91.27,9.3,-60
17.25,5074,45,91.26,9.3,-40
17.3,5076,43,91.26,9.3,0
17.35,5079,43,91.27,9.3,-20
17.4,5080,42,91.27,9.3,0
17.45,5083,42,91.26,9.3,-20
17.5,5085,41,91.27,9.3,-20
17.55,5087,40,91.26,9.3,-40
17.6,5089,38,91.26,9.3,-20
17.65,5090,37,91.26,9.3,-40
17.7,5092,35,91.26,9.3,-40
17.75,5095,33,91.26,9.3,-20
17.8,5096,32,91.26,9.3,-20
17.85,5096,31,91.26,9.3,-20
17.9,5098,30,91.27,9.3,-20
17.95,5101,29,91.26,9.3,-40
18,5102,27,91.26,9.3,-40
18.05,5103,25,91.26,9.3,-40
18.1,5103,23,91.26,9.3,-40
18.15,5105,21,91.26,9.3,-40
18.2,5106,19,91.26,9.3,-40
18.25,5107,17,91.26,9.3,-20
18.3,5107,16,91.26,9.3,-40
18.35,5108,14,91.26,9.3,-40
18.4,5109,12,91.26,9.3,-140
18.45,5110,5,91.26,9.3,-20
18.5,5109,4,91.26,9.3,60
18.55,5110,7,91.27,9.3,180
18.6,4890,16,91.26,9.1,440
18.65,4737,38,91.2,9.3,460
18.7,5094,61,91.22,9.3,340
18.75,5130,78,91.26,9.2,220
18.8,5128,89,91.27,9.1,-60
18.85,5129,86,91.29,9.1,-300
18.9,5132,71,91.33,9.1,-140
18.95,5133,64,91.36,9.1,-160
19,5142,56,91.38,9.2,-100
19.05,5142,51,91.4,9.2,-20
19.1,5131,50,91.44,9.2,-360
19.15,5144,32,91.45,9.2,-480
19.2,5167,8,91.49,9.2,-380
19.25,5149,-11,91.49,9.2,-200
19.3,5135,-21,91.51,9.2,140
19.35,5132,-14,91.51,9.2,480
19.4,5134,10,91.53,9.2,380
19.45,5142,29,91.54,9.2,40
19.5,5156,31,91.56,9.2,-280
19.55,5156,17,91.58,9.2,-600
19.6,5147,-13,91.58,9.3,-600
19.65,5149,-43,91.6,9.3,-400
19.7,5136,-63,91.6,9.3,-260
19.75,5133,-76,91.6,9.3,-240
19.8,5134,-88,91.6,9.3,-280
19.85,5135,-102,91.6,9.3,-280
19.9,5130,-116,91.6,9.3,-100
19.95,5112,-121,91.58,9.3,240
20,5100,-109,91.58,9.3,500
20.05,5097,-84,91.58,9.3,760
20.1,5099,-46,91.56,9.3,620
20.15,5103,-15,91.56,9.3,340
20.2,5105,2,91.58,9.3,100
20.25,5103,7,91.58,9.3,-340
20.3,5099,-10,91.58,9.3,-360
20.35,5102,-28,91.58,9.3,-280
20.4,5103,-42,91.58,9.3,-240
20.45,5093,-54,91.58,9.3,-60
20.5,5091,-57,91.58,9.3,-20
20.55,5089,-58,91.58,9.3,0
20.6,5086,-58,91.6,9.3,20
20.65,5086,-57,91.6,9.3,0
20.7,5083,-57,91.6,9.3,20
20.75,5085,-56,91.6,9.3,0
20.8,5087,-56,91.6,9.3,40
20.85,5092,-54,91.6,9.3,80
20.9,5090,-50,91.58,9.3,80
20.95,5078,-46,91.58,9.3,80
21,5071,-42,91.58,9.3,40
21.05,5074,-40,91.56,9.3,-20
21.1,5072,-41,91.54,9.3,-60
21.15,5068,-44,91.54,9.3,-80
21.2,5056,-48,91.54,9.3,-80
21.25,5050,-52,91.56,9.3,-60
21.3,5044,-55,91.56,9.3,-40
21.35,5039,-57,91.58,9.3,-20
21.4,5036,-58,91.58,9.3,20
21.45,5036,-57,91.6,9.3,40
21.5,5037,-55,91.6,9.3,60
21.55,5038,-52,91.6,9.3,60
21.6,5034,-49,91.6,9.3,20
21.65,5030,-48,91.6,9.3,-20
21.7,5024,-49,91.6,9.3,-40
21.75,5023,-51,91.6,9.3,-60
21.8,5021,-54,91.6,9.3,-80
21.85,5026,-58,91.58,9.3,-40
21.9,5024,-60,91.58,9.3,-20
21.95,5025,-61,91.58,9.3,-20
22,5030,-62,91.58,9.3,-20
22.05,5027,-63,91.58,9.3,0
22.1,5018,-63,91.58,9.3,0
22.15,5005,-63,91.58,9.3,20
22.2,5000,-62,91.6,9.3,40
22.25,5001,-60,91.58,9.3,60
22.3,4982,-57,91.6,9.3,60
22.35,4976,-54,91.58,9.3,0
22.4,4981,-54,91.58,9.3,-20
22.45,4984,-55,91.58,9.3,-60
22.5,4992,-58,91.58,9.3,-40
22.55,4989,-60,91.58,9.3,0
22.6,4996,-60,91.58,9.3,-20
22.65,4997,-61,91.58,9.3,0
22.7,4989,-61,91.58,9.3,-20
22.75,4980,-62,91.58,9.3,-40
22.8,4972,-64,91.56,9.3,-60
22.85,4969,-67,91.56,9.3,-60
22.9,4961,-70,91.56,9.3,-20
22.95,4953,-71,91.56,9.3,20
23,4949,-70,91.58,9.3,40
23.05,4947,-68,91.58,9.3,60
23.1,4940,-65,91.56,9.3,40
23.15,4932,-63,91.58,9.3,40
23.2,4930,-61,91.58,9.3,0
23.25,4933,-61,91.58,9.3,-20
23.3,4941,-62,91.58,9.3,-40
23.35,4941,-64,91.58,9.3,-40
23.4,4933,-66,91.58,9.3,-40
23.45,4917,-68,91.58,9.3,-20
23.5,4914,-69,91.56,9.3,0
23.55,4915,-69,91.56,9.3,0
23.6,4913,-69,91.56,9.3,0
23.65,4911,-69,91.56,9.3,-20
23.7,4906,-70,91.58,9.3,-20
23.75,4899,-71,91.56,9.3,-20
23.8,4892,-72,91.56,9.3,-20
23.85,4882,-73,91.56,9.3,0
23.9,4885,-73,91.54,9.3,-20
23.95,4889,-74,91.54,9.3,20
24,4891,-73,91.54,9.3,20
24.05,4888,-72,91.53,9.3,40
24.1,4893,-70,91.53,9.3,40
24.15,4885,-68,91.53,9.3,40
24.2,4877,-66,91.53,9.3,20
24.25,4867,-65,91.54,9.3,20
24.3,4858,-64,91.56,9.3,20
24.35,4850,-63,91.56,9.3,20
24.4,4846,-62,91.58,9.3,0
24.45,4849,-62,91.58,9.3,0
24.5,4853,-62,91.56,9.3,-20
24.55,4867,-63,91.54,9.3,-20
24.6,4864,-64,91.53,9.3,-20
24.65,4860,-65,91.53,9.3,-20
24.7,4834,-66,91.54,9.3,-20
24.75,4828,-67,91.56,9.3,-40
24.8,4827,-69,91.56,9.3,-40
24.85,4822,-71,91.58,9.3,-40
24.9,4807,-73,91.58,9.3,-20
24.95,4804,-74,91.58,9.3,0
25,4799,-74,91.58,9.3,40
25.05,4803,-72,91.56,9.3,60
25.1,4801,-69,91.56,9.3,40
25.15,4804,-67,91.56,9.3,40
25.2,4809,-65,91.56,9.3,40
25.25,4815,-63,91.56,9.3,40
25.3,4814,-61,91.58,9.3,-20
25.35,4814,-62,91.58,9.3,-60
25.4,4807,-65,91.58,9.3,-100
25.45,4791,-70,91.58,9.3,-160
25.5,4792,-78,91.56,9.3,-120
25.55,4786,-84,91.54,9.3,-60
25.6,4782,-87,91.54,9.3,20
25.65,4779,-86,91.53,9.3,80
25.7,4772,-82,91.53,9.3,100
25.75,4760,-77,91.54,9.3,120
25.8,4749,-71,91.54,9.3,100
25.85,4735,-66,91.56,9.3,80
25.9,4735,-62,91.56,9.3,40
25.95,4740,-60,91.56,9.3,0
26,4756,-60,91.54,9.3,-40
26.05,4758,-62,91.56,9.3,-60
26.1,4755,-65,91.54,9.3,-120
26.15,4747,-71,91.54,9.3,-100
26.2,4746,-76,91.54,9.3,-100
26.25,4741,-81,91.54,9.3,-60
26.3,4738,-84,91.54,9.3,-40
26.35,4734,-86,91.54,9.3,20
26.4,4718,-85,91.53,9.3,20
26.45,4701,-84,91.54,9.3,0
26.5,4689,-84,91.54,9.3,40
26.55,4680,-82,91.54,9.3,20
26.6,4678,-81,91.54,9.3,40
26.65,4678,-79,91.54,9.3,60
26.7,4681,-76,91.53,9.3,60
26.75,4687,-73,91.53,9.3,20
26.8,4694,-72,91.53,9.3,0
26.85,4688,-72,91.53,9.3,-60
26.9,4697,-75,91.53,9.3,-80
26.95,4691,-79,91.53,9.3,-100
27,4684,-84,91.53,9.3,-80
27.05,4678,-88,91.53,9.3,-60
27.1,4667,-91,91.53,9.3,-20
27.15,4662,-92,91.53,9.3,-20
27.2,4649,-93,91.54,9.3,-20
27.25,4646,-94,91.54,9.3,20
27.3,4638,-93,91.56,9.3,40
27.35,4638,-91,91.56,9.3,80
27.4,4637,-87,91.58,9.3,80
27.45,4624,-83,91.58,9.3,80
27.5,4624,-79,91.58,9.3,40
27.55,4622,-77,91.58,9.3,0
27.6,4624,-77,91.56,9.3,-20
27.65,4623,-78,91.58,9.3,-20
27.7,4621,-79,91.58,9.3,-40
27.75,4611,-81,91.58,9.3,0
27.8,4606,-81,91.56,9.3,0
27.85,4600,-81,91.58,9.3,0
27.9,4588,-81,91.58,9.3,0
27.95,4582,-81,91.58,9.3,20
28,4578,-80,91.58,9.3,0
28.05,4576,-80,91.58,9.3,20
28.1,4569,-79,91.58,9.3,40
28.15,4563,-77,91.58,9.3,20
28.2,4558,-76,91.56,9.3,40
28.25,4552,-74,91.56,9.3,40
28.3,4549,-72,91.56,9.3,40
28.35,4544,-70,91.56,9.3,20
28.4,4542,-69,91.56,9.3,0
28.45,4541,-69,91.56,9.3,0
28.5,4537,-69,91.56,9.3,-40
28.55,4531,-71,91.56,9.3,-40
28.6,4530,-73,91.56,9.3,-40
28.65,4524,-75,91.56,9.3,-20
28.7,4526,-76,91.56,9.3,-20
28.75,4531,-77,91.56,9.3,0
28.8,4536,-77,91.56,9.3,0
28.85,4534,-77,91.56,9.3,-20
28.9,4535,-78,91.56,9.3,20
28.95,4528,-77,91.56,9.3,0
29,4519,-77,91.56,9.3,20
29.05,4511,-76,91.56,9.3,20
29.1,4511,-75,91.56,9.3,40
29.15,4505,-73,91.58,9.3,40
29.2,4496,-71,91.56,9.3,40
29.25,4499,-69,91.58,9.3,20
29.3,4503,-68,91.56,9.3,40
29.35,4502,-66,91.56,9.3,40
29.4,4496,-64,91.56,9.3,20
29.45,4493,-63,91.56,9.3,20
29.5,4487,-62,91.56,9.3,0
29.55,4475,-62,91.56,9.3,-40
29.6,4473,-64,91.56,9.3,-80
29.65,4470,-68,91.56,9.3,-100
29.7,4462,-73,91.56,9.3,-100
29.75,4457,-78,91.56,9.3,-40
29.8,4446,-80,91.56,9.3,0
29.85,4435,-80,91.56,9.3,80
29.9,4434,-76,91.56,9.3,100
29.95,4427,-71,91.56,9.3,80
30,4424,-67,91.56,9.3,60
30.05,4422,-64,91.56,9.3,0
30.1,4420,-64,91.56,9.3,-20
30.15,4421,-65,91.56,9.3,-60
30.2,4421,-68,91.56,9.3,-60
30.25,4417,-71,91.56,9.3,-80
30.3,4412,-75,91.56,9.3,-40
30.35,4415,-77,91.56,9.3,-20
30.4,4419,-78,91.56,9.3,20
30.45,4422,-77,91.56,9.3,40
30.5,4415,-75,91.56,9.3,40
30.55,4411,-73,91.54,9.3,20
30.6,4401,-72,91.56,9.3,0
30.65,4384,-72,91.56,9.3,0
30.7,4371,-72,91.56,9.3,0
30.75,4364,-72,91.54,9.3,0
30.8,4369,-72,91.54,9.3,0
30.85,4382,-72,91.53,9.3,-20
30.9,4398,-73,91.53,9.3,0
30.95,4386,-73,91.54,9.3,-20
31,4399,-74,91.53,9.3,-20
31.05,4388,-75,91.53,9.3,20
31.1,4377,-74,91.53,9.3,0
31.15,4369,-74,91.54,9.3,0
31.2,4363,-74,91.54,9.3,0
31.25,4353,-74,91.56,9.3,-40
31.3,4343,-76,91.54,9.3,-60
31.35,4341,-79,91.54,9.3,-60
31.4,4337,-82,91.53,9.3,-40
31.45,4338,-84,91.53,9.3,0
31.5,4342,-84,91.51,9.3,0
31.55,4337,-84,91.51,9.3,20
31.6,4325,-83,91.51,9.3,60
31.65,4316,-80,91.51,9.3,40
31.7,4320,-78,91.53,9.3,20
31.75,4304,-77,91.54,9.3,0
31.8,4296,-77,91.56,9.3,-40
31.85,4293,-79,91.56,9.3,-60
31.9,4287,-82,91.54,9.3,-20
31.95,4279,-83,91.54,9.3,-20
32,4270,-84,91.54,9.3,40
32.05,4273,-82,91.53,9.3,60
32.1,4278,-79,91.53,9.3,80
32.15,4280,-75,91.53,9.3,100
32.2,4279,-70,91.54,9.3,40
32.25,4269,-68,91.54,9.3,20
32.3,4258,-67,91.54,9.3,-40
32.35,4253,-69,91.54,9.3,-80
32.4,4254,-73,91.54,9.3,-80
32.45,4255,-77,91.56,9.3,-80
32.5,4243,-81,91.54,9.3,-40
32.55,4234,-83,91.56,9.3,0
32.6,4225,-83,91.56,9.3,20
32.65,4221,-82,91.54,9.3,40
32.7,4222,-80,91.56,9.3,20
32.75,4227,-79,91.54,9.3,0
32.8,4233,-79,91.56,9.3,20
32.85,4232,-78,91.54,9.3,20
32.9,4224,-77,91.53,9.3,20
32.95,4221,-76,91.53,9.3,20
33,4223,-75,91.51,9.3,20
33.05,4226,-74,91.51,9.3,20
33.1,4224,-73,91.51,9.3,60
33.15,4228,-70,91.53,9.3,80
33.2,4222,-66,91.53,9.3,80
33.25,4224,-62,91.54,9.3,40
33.3,4219,-60,91.54,9.3,-20
33.35,4195,-61,91.53,9.3,-40
33.4,4184,-63,91.51,9.3,-60
33.45,4177,-66,91.51,9.3,-40
33.5,4167,-68,91.51,9.3,-20
33.55,4162,-69,91.51,9.3,0
33.6,4161,-69,91.53,9.3,0
33.65,4161,-69,91.53,9.3,0
33.7,4152,-69,91.54,9.3,-20
33.75,4146,-70,91.54,9.3,-40
33.8,4137,-72,91.54,9.3,-20
33.85,4134,-73,91.54,9.3,-40
33.9,4130,-75,91.56,9.3,-40
33.95,4131,-77,91.56,9.3,-40
34,4128,-79,91.56,9.3,-40
34.05,4129,-81,91.56,9.3,-40
34.1,4135,-83,91.54,9.3,-40
34.15,4147,-85,91.53,9.3,20
34.2,4160,-84,91.53,9.3,20
34.25,4159,-83,91.53,9.3,60
34.3,4133,-80,91.53,9.3,80
34.35,4127,-76,91.53,9.3,80
34.4,4124,-72,91.53,9.3,60
34.45,4110,-69,91.53,9.3,40
34.5,4094,-67,91.53,9.3,20
34.55,4091,-66,91.53,9.3,-20
34.6,4090,-67,91.53,9.3,-20
34.65,4089,-68,91.53,9.3,-20
34.7,4098,-69,91.51,9.3,0
34.75,4089,-69,91.53,9.3,0
34.8,4085,-69,91.53,9.3,20
34.85,4078,-68,91.53,9.3,-20
34.9,4074,-69,91.53,9.3,-20
34.95,4073,-70,91.54,9.3,-40
35,4065,-72,91.56,9.3,-40
35.05,4057,-74,91.56,9.3,-100
35.1,4057,-79,91.56,9.3,-80
35.15,4059,-83,91.56,9.3,-60
35.2,4059,-86,91.56,9.3,-20
35.25,4054,-87,91.56,9.3,20
35.3,4051,-86,91.56,9.3,60
35.35,4047,-83,91.56,9.3,60
35.4,4047,-80,91.54,9.3,60
35.45,4041,-77,91.54,9.3,40
35.5,4038,-75,91.54,9.3,0
35.55,4031,-75,91.54,9.3,-20
35.6,4024,-76,91.54,9.3,-40
35.65,4016,-78,91.54,9.3,-40
35.7,4009,-80,91.54,9.3,-20
35.75,4005,-81,91.54,9.3,20
35.8,4002,-80,91.54,9.3,40
35.85,4000,-78,91.54,9.3,60
35.9,3995,-75,91.53,9.3,40
35.95,3989,-73,91.54,9.3,40
36,3989,-71,91.54,9.3,20
36.05,3991,-70,91.54,9.3,0
36.1,3980,-70,91.54,9.3,-20
36.15,3982,-71,91.53,9.3,-40
36.2,3971,-73,91.54,9.3,-40
36.25,3971,-75,91.54,9.3,-20
36.3,3967,-76,91.53,9.3,-20
36.35,3964,-77,91.54,9.3,0
36.4,3961,-77,91.54,9.3,20
36.45,3953,-76,91.53,9.3,20
36.5,3950,-75,91.53,9.3,40
36.55,3945,-73,91.53,9.3,20
36.6,3941,-72,91.53,9.3,0
36.65,3934,-72,91.53,9.3,20
36.7,3926,-71,91.53,9.3,0
36.75,3926,-71,91.51,9.3,20
36.8,3924,-70,91.51,9.3,20
36.85,3931,-69,91.51,9.3,0
36.9,3933,-69,91.51,9.3,0
36.95,3929,-69,91.51,9.3,0
37,3923,-69,91.51,9.3,0
37.05,3925,-69,91.51,9.3,0
37.1,3924,-69,91.51,9.3,0
37.15,3919,-69,91.51,9.3,0
37.2,3907,-69,91.53,9.3,-20
37.25,3900,-70,91.53,9.3,-20
37.3,3890,-71,91.53,9.3,-20
37.35,3895,-72,91.53,9.3,-20
37.4,3896,-73,91.53,9.3,-20
37.45,3893,-74,91.53,9.3,0
37.5,3886,-74,91.53,9.3,40
37.55,3883,-72,91.53,9.3,40
37.6,3880,-70,91.53,9.3,40
37.65,3872,-68,91.53,9.3,20
37.7,3865,-67,91.53,9.3,0
37.75,3864,-67,91.53,9.3,-40
37.8,3865,-69,91.53,9.3,-60
37.85,3863,-72,91.53,9.3,-40
37.9,3856,-74,91.51,9.3,-60
37.95,3856,-77,91.53,9.3,-40
38,3853,-79,91.53,9.3,-40
38.05,3851,-81,91.53,9.3,-20
38.1,3845,-82,91.51,9.3,20
38.15,3836,-81,91.51,9.3,60
38.2,3836,-78,91.51,9.3,60
38.25,3831,-75,91.51,9.3,80
38.3,3823,-71,91.51,9.3,40
38.35,3815,-69,91.51,9.3,20
38.4,3808,-68,91.51,9.3,0
38.45,3804,-68,91.51,9.3,0
38.5,3801,-68,91.51,9.3,-20
38.55,3800,-69,91.51,9.3,-20
38.6,3803,-70,91.51,9.3,-20
38.65,3804,-71,91.51,9.3,-20
38.7,3800,-72,91.51,9.3,0
38.75,3795,-72,91.51,9.3,0
38.8,3788,-72,91.51,9.3,0
38.85,3786,-72,91.51,9.3,20
38.9,3774,-71,91.49,9.3,20
38.95,3772,-70,91.51,9.3,0
39,3769,-70,91.49,9.3,-20
39.05,3759,-71,91.49,9.3,-20
39.1,3750,-72,91.49,9.3,0
39.15,3751,-72,91.49,9.3,0
39.2,3756,-72,91.49,9.3,0
39.25,3763,-72,91.51,9.3,20
39.3,3759,-71,91.49,9.3,20
39.35,3764,-70,91.47,9.3,20
39.4,3762,-69,91.47,9.3,0
39.45,3758,-69,91.47,9.3,-40
39.5,3750,-71,91.47,9.3,-40
39.55,3742,-73,91.47,9.3,-40
39.6,3734,-75,91.49,9.3,-40
39.65,3727,-77,91.49,9.3,-40
39.7,3723,-79,91.49,9.3,-20
39.75,3717,-80,91.49,9.3,0
39.8,3720,-80,91.49,9.3,0
39.85,3723,-80,91.49,9.3,40
39.9,3721,-78,91.49,9.3,20
39.95,3720,-77,91.49,9.3,60
40,3713,-74,91.49,9.3,60
40.05,3703,-71,91.47,9.3,60
40.1,3696,-68,91.47,9.3,20
40.15,3692,-67,91.49,9.3,-20
40.2,3688,-68,91.47,9.3,-40
40.25,3685,-70,91.47,9.3,-40
40.3,3683,-72,91.47,9.3,-20
40.35,3676,-73,91.45,9.3,-20
40.4,3670,-74,91.44,9.3,0
40.45,3664,-74,91.44,9.3,20
40.5,3665,-73,91.44,9.3,40
40.55,3654,-71,91.42,9.3,20
40.6,3649,-70,91.42,9.3,20
40.65,3642,-69,91.44,9.3,0
40.7,3638,-69,91.44,9.3,-40
40.75,3633,-71,91.44,9.3,-60
40.8,3626,-74,91.45,9.3,-80
40.85,3623,-78,91.45,9.3,-80
40.9,3619,-82,91.45,9.3,-40
40.95,3620,-84,91.45,9.3,-20
41,3621,-85,91.47,9.3,0
41.05,3622,-85,91.45,9.3,20
41.1,3630,-84,91.47,9.3,20
41.15,3629,-83,91.47,9.3,0
41.2,3623,-83,91.47,9.3,20
41.25,3619,-82,91.45,9.3,20
41.3,3615,-81,91.45,9.3,40
41.35,3618,-79,91.45,9.3,40
41.4,3611,-77,91.44,9.3,60
41.45,3607,-74,91.42,9.3,60
41.5,3601,-71,91.42,9.3,60
41.55,3600,-68,91.42,9.3,60
41.6,3595,-65,91.4,9.3,40
41.65,3591,-63,91.42,9.3,20
41.7,3585,-62,91.42,9.3,0
41.75,3578,-62,91.42,9.3,-20
41.8,3570,-63,91.44,9.3,-20
41.85,3558,-64,91.42,9.3,-20
41.9,3547,-65,91.44,9.3,-60
41.95,3543,-68,91.44,9.3,-80
42,3539,-72,91.44,9.3,-80
42.05,3534,-76,91.45,9.3,-60
42.1,3531,-79,91.45,9.3,-20
42.15,3528,-80,91.45,9.3,20
42.2,3523,-79,91.45,9.3,40
42.25,3521,-77,91.45,9.3,20
42.3,3519,-76,91.45,9.3,0
42.35,3519,-76,91.45,9.3,-40
42.4,3521,-78,91.45,9.3,-20
42.45,3524,-79,91.45,9.3,-20
42.5,3523,-80,91.45,9.3,-20
42.55,3521,-81,91.45,9.3,-20
42.6,3522,-82,91.45,9.3,0
42.65,3521,-82,91.44,9.3,-20
42.7,3515,-83,91.45,9.3,-20
42.75,3500,-84,91.44,9.3,20
42.8,3496,-83,91.44,9.3,20
42.85,3497,-82,91.44,9.3,40
42.9,3491,-80,91.44,9.3,40
42.95,3490,-78,91.44,9.3,60
43,3476,-75,91.44,9.3,60
43.05,3458,-72,91.44,9.3,60
43.1,3458,-69,91.42,9.3,40
43.15,3473,-67,91.44,9.3,40
43.2,3480,-65,91.44,9.3,0
43.25,3468,-65,91.44,9.3,-20
43.3,3468,-66,91.44,9.3,-60
43.35,3459,-69,91.44,9.3,-80
43.4,3455,-73,91.44,9.3,-80
43.45,3444,-77,91.44,9.3,-100
43.5,3435,-82,91.44,9.3,-80
43.55,3439,-86,91.44,9.3,-60
43.6,3435,-89,91.42,9.3,-20
43.65,3421,-90,91.42,9.3,-20
43.7,3410,-91,91.42,9.3,20
43.75,3404,-90,91.4,9.3,40
43.8,3396,-88,91.4,9.3,60
43.85,3392,-85,91.4,9.3,60
43.9,3391,-82,91.4,9.3,80
43.95,3391,-78,91.4,9.3,60
44,3392,-75,91.42,9.3,0
44.05,3396,-75,91.4,9.3,-20
44.1,3401,-76,91.42,9.3,-60
44.15,3399,-79,91.42,9.3,-60
44.2,3398,-82,91.42,9.3,-40
44.25,3393,-84,91.42,9.3,0
44.3,3390,-84,91.42,9.3,60
44.35,3382,-81,91.4,9.3,100
44.4,3374,-76,91.42,9.3,80
44.45,3361,-72,91.4,9.3,80
44.5,3351,-68,91.4,9.3,20
44.55,3347,-67,91.42,9.3,20
44.6,3340,-66,91.42,9.3,0
44.65,3333,-66,91.4,9.3,0
44.7,3326,-66,91.42,9.3,0
44.75,3323,-66,91.42,9.3,0
44.8,3322,-66,91.42,9.3,0
44.85,3334,-66,91.4,9.3,-20
44.9,3337,-67,91.4,9.3,-40
44.95,3335,-69,91.42,9.3,-60
45,3324,-72,91.4,9.3,-80
45.05,3317,-76,91.4,9.3,-80
45.1,3318,-80,91.4,9.3,-60
45.15,3310,-83,91.4,9.3,-60
45.2,3302,-86,91.4,9.3,-20
45.25,3295,-87,91.4,9.3,0
45.3,3296,-87,91.38,9.3,40
45.35,3301,-85,91.4,9.3,40
45.4,3314,-83,91.38,9.3,80
45.45,3315,-79,91.38,9.3,80
45.5,3308,-75,91.4,9.3,80
45.55,3305,-71,91.4,9.3,60
45.6,3292,-68,91.4,9.3,40
45.65,3279,-66,91.4,9.3,-20
45.7,3275,-67,91.4,9.3,-20
45.75,3270,-68,91.38,9.3,-60
45.8,3265,-71,91.38,9.3,-60
45.85,3260,-74,91.38,9.3,-40
45.9,3260,-76,91.36,9.3,-60
45.95,3258,-79,91.36,9.3,-20
46,3249,-80,91.36,9.3,-20
46.05,3245,-81,91.36,9.3,-20
46.1,3232,-82,91.36,9.3,0
46.15,3226,-82,91.36,9.3,0
46.2,3219,-82,91.38,9.3,-20
46.25,3216,-83,91.38,9.3,-40
46.3,3216,-85,91.38,9.3,-60
46.35,3211,-88,91.38,9.3,-60
46.4,3204,-91,91.38,9.3,-40
46.45,3203,-93,91.38,9.3,-20
46.5,3207,-94,91.36,9.3,40
46.55,3216,-92,91.36,9.3,60
46.6,3209,-89,91.36,9.3,60
46.65,3200,-86,91.36,9.3,60
46.7,3191,-83,91.36,9.3,60
46.75,3187,-80,91.36,9.3,20
46.8,3186,-79,91.38,9.3,20
46.85,3187,-78,91.36,9.3,0
46.9,3177,-78,91.36,9.3,20
46.95,3169,-77,91.38,9.3,40
47,3163,-75,91.38,9.3,40
47.05,3152,-73,91.38,9.3,80
47.1,3151,-69,91.38,9.3,60
47.15,3144,-66,91.38,9.3,40
47.2,3139,-64,91.36,9.3,40
47.25,3134,-62,91.38,9.3,20
47.3,3134,-61,91.36,9.3,0
47.35,3130,-61,91.36,9.3,0
47.4,3127,-61,91.36,9.3,-40
47.45,3122,-63,91.36,9.3,-80
47.5,3118,-67,91.36,9.3,-60
47.55,3113,-70,91.38,9.3,-60
47.6,3117,-73,91.38,9.3,-20
47.65,3119,-74,91.38,9.3,-20
47.7,3114,-75,91.38,9.3,0
47.75,3108,-75,91.38,9.3,0
47.8,3112,-75,91.38,9.3,20
47.85,3113,-74,91.38,9.3,20
47.9,3103,-73,91.38,9.3,0
47.95,3098,-73,91.38,9.3,20
48,3095,-72,91.4,9.3,0
48.05,3101,-72,91.4,9.3,0
48.1,3100,-72,91.4,9.3,20
48.15,3100,-71,91.38,9.3,0
48.2,3095,-71,91.38,9.3,20
48.25,3090,-70,91.38,9.3,20
48.3,3094,-69,91.36,9.3,40
48.35,3095,-67,91.36,9.3,60
48.4,3089,-64,91.36,9.3,60
48.45,3080,-61,91.36,9.3,60
48.5,3069,-58,91.36,9.3,40
48.55,3054,-56,91.38,9.3,0
48.6,3059,-56,91.38,9.3,-40
48.65,3049,-58,91.38,9.3,-40
48.7,3043,-60,91.36,9.3,-40
48.75,3036,-62,91.38,9.3,-40
48.8,3035,-64,91.36,9.3,-20
48.85,3038,-65,91.35,9.3,-20
48.9,3032,-66,91.35,9.3,-20
48.95,3021,-67,91.35,9.3,-20
49,3015,-68,91.35,9.3,-40
49.05,3008,-70,91.35,9.3,-40
49.1,3002,-72,91.35,9.3,-40
49.15,3002,-74,91.36,9.3,-60
49.2,3001,-77,91.38,9.3,-60
49.25,2995,-80,91.38,9.3,-60
49.3,2992,-83,91.38,9.3,-40
49.35,2996,-85,91.36,9.3,0
49.4,3009,-85,91.36,9.3,40
49.45,3013,-83,91.35,9.3,40
49.5,3011,-81,91.33,9.3,80
49.55,3008,-77,91.33,9.3,80
49.6,3005,-73,91.33,9.3,80
49.65,2998,-69,91.33,9.3,60
49.7,2989,-66,91.33,9.3,20
49.75,2986,-65,91.35,9.3,0
49.8,2979,-65,91.35,9.3,-20
49.85,2974,-66,91.35,9.3,0
49.9,2972,-66,91.36,9.3,40
49.95,2963,-64,91.36,9.3,40
50,2963,-62,91.36,9.3,40
50.05,2961,-60,91.35,9.3,40
50.1,2954,-58,91.35,9.3,-20
50.15,2947,-59,91.35,9.3,-20
50.2,2939,-60,91.35,9.3,-60
50.25,2931,-63,91.35,9.3,-60
50.3,2921,-66,91.33,9.3,-80
50.35,2917,-70,91.33,9.3,-100
50.4,2914,-75,91.35,9.3,-60
50.45,2910,-78,91.36,9.3,-60
50.5,2909,-81,91.36,9.3,-20
50.55,2912,-82,91.36,9.3,0
50.6,2917,-82,91.35,9.3,0
50.65,2921,-82,91.35,9.3,20
50.7,2920,-81,91.33,9.3,0
50.75,2910,-81,91.33,9.3,20
50.8,2904,-80,91.31,9.3,0
50.85,2895,-80,91.33,9.3,0
50.9,2896,-80,91.33,9.3,0
50.95,2894,-80,91.35,9.3,20
51,2896,-79,91.35,9.3,20
51.05,2895,-78,91.36,9.3,60
51.1,2892,-75,91.36,9.3,60
51.15,2883,-72,91.36,9.3,60
51.2,2874,-69,91.36,9.3,60
51.25,2868,-66,91.36,9.3,40
51.3,2865,-64,91.36,9.3,20
51.35,2858,-63,91.36,9.3,0
51.4,2854,-63,91.36,9.3,-20
51.45,2850,-64,91.36,9.3,-40
51.5,2846,-66,91.36,9.3,-80
51.55,2846,-70,91.36,9.3,-60
51.6,2837,-73,91.36,9.3,-60
51.65,2830,-76,91.36,9.3,-40
51.7,2830,-78,91.36,9.3,0
51.75,2826,-78,91.35,9.3,0
51.8,2818,-78,91.35,9.3,0
51.85,2813,-78,91.35,9.3,-20
51.9,2811,-79,91.35,9.3,-40
51.95,2806,-81,91.35,9.3,-20
52,2804,-82,91.36,9.3,0
52.05,2803,-82,91.35,9.3,60
52.1,2805,-79,91.36,9.3,100
52.15,2808,-74,91.36,9.3,120
52.2,2808,-68,91.36,9.3,100
52.25,2800,-63,91.35,9.3,80
52.3,2797,-59,91.35,9.3,40
52.35,2793,-57,91.35,9.3,0
52.4,2786,-57,91.33,9.3,-40
52.45,2784,-59,91.33,9.3,-60
52.5,2780,-62,91.33,9.3,-100
52.55,2774,-67,91.31,9.3,-60
52.6,2765,-70,91.31,9.3,-60
52.65,2763,-73,91.33,9.3,0
52.7,2758,-73,91.33,9.3,40
52.75,2752,-71,91.33,9.3,40
52.8,2748,-69,91.35,9.3,40
52.85,2745,-67,91.35,9.3,20
52.9,2738,-66,91.35,9.3,0
52.95,2730,-66,91.35,9.3,-40
53,2725,-68,91.35,9.3,-60
53.05,2725,-71,91.33,9.3,-40
53.1,2735,-73,91.31,9.3,-60
53.15,2746,-76,91.31,9.3,-40
53.2,2758,-78,91.31,9.3,-40
53.25,2748,-80,91.31,9.3,0
53.3,2749,-80,91.31,9.3,20
53.35,2745,-79,91.31,9.3,0
53.4,2747,-79,91.31,9.3,20
53.45,2730,-78,91.31,9.3,0
53.5,2710,-78,91.31,9.3,0
53.55,2693,-78,91.31,9.3,20
53.6,2686,-77,91.31,9.3,40
53.65,2679,-75,91.33,9.3,40
53.7,2682,-73,91.33,9.3,60
53.75,2690,-70,91.35,9.3,60
53.8,2688,-67,91.35,9.3,40
53.85,2680,-65,91.35,9.3,40
53.9,2687,-63,91.35,9.3,0
53.95,2674,-63,91.35,9.3,-20
54,2660,-64,91.35,9.3,-80
54.05,2663,-68,91.33,9.3,-120
54.1,2666,-74,91.33,9.3,-160
54.15,2648,-82,91.33,9.3,-120
54.2,2639,-88,91.33,9.3,-80
54.25,2637,-92,91.33,9.3,-60
54.3,2640,-95,91.33,9.3,0
54.35,2639,-95,91.33,9.3,20
54.4,2632,-94,91.33,9.3,40
54.45,2624,-92,91.33,9.3,80
54.5,2616,-88,91.33,9.3,60
54.55,2617,-85,91.33,9.3,40
54.6,2612,-83,91.33,9.3,0
54.65,2612,-83,91.33,9.3,-20
54.7,2620,-84,91.33,9.3,-40
54.75,2623,-86,91.33,9.3,0
54.8,2616,-86,91.31,9.3,20
54.85,2615,-85,91.31,9.3,40
54.9,2610,-83,91.31,9.3,80
54.95,2614,-79,91.31,9.3,80
55,2602,-75,91.31,9.3,80
55.05,2591,-71,91.29,9.3,80
55.1,2585,-67,91.31,9.3,40
55.15,2572,-65,91.31,9.3,0
55.2,2566,-65,91.29,9.3,-20
55.25,2560,-66,91.31,9.3,-60
55.3,2562,-69,91.31,9.3,-20
55.35,2548,-70,91.31,9.3,-20
55.4,2546,-71,91.29,9.3,0
55.45,2545,-71,91.29,9.3,0
55.5,2535,-71,91.29,9.3,20
55.55,2526,-70,91.29,9.3,-20
55.6,2523,-71,91.27,9.3,-20
55.65,2520,-72,91.27,9.3,-40
55.7,2518,-74,91.27,9.3,-40
55.75,2514,-76,91.29,9.3,-40
55.8,2513,-78,91.27,9.3,-20
55.85,2514,-79,91.27,9.3,-20
55.9,2524,-80,91.27,9.3,-20
55.95,2520,-81,91.27,9.3,20
56,2523,-80,91.27,9.3,20
56.05,2531,-79,91.27,9.3,20
56.1,2531,-78,91.27,9.3,20
56.15,2525,-77,91.27,9.3,20
56.2,2509,-76,91.27,9.3,0
56.25,2500,-76,91.27,9.3,-20
56.3,2496,-77,91.26,9.3,20
56.35,2491,-76,91.26,9.3,20
56.4,2485,-75,91.26,9.3,40
56.45,2480,-73,91.24,9.3,60
56.5,2478,-70,91.24,9.3,80
56.55,2477,-66,91.26,9.3,60
56.6,2480,-63,91.26,9.3,60
56.65,2476,-60,91.27,9.3,20
56.7,2470,-59,91.27,9.3,-20
56.75,2465,-60,91.26,9.3,-60
56.8,2461,-63,91.26,9.3,-100
56.85,2456,-68,91.26,9.3,-120
56.9,2449,-74,91.26,9.3,-140
56.95,2443,-81,91.26,9.3,-80
57,2440,-85,91.26,9.3,-60
57.05,2433,-88,91.26,9.3,0
57.1,2426,-88,91.24,9.3,20
57.15,2420,-87,91.24,9.3,40
57.2,2415,-85,91.24,9.3,20
57.25,2404,-84,91.24,9.3,20
57.3,2401,-83,91.22,9.3,20
57.35,2398,-82,91.22,9.3,0
57.4,2396,-82,91.22,9.3,0
57.45,2396,-82,91.22,9.3,0
57.5,2399,-82,91.22,9.3,-20
57.55,2405,-83,91.2,9.3,-20
57.6,2406,-84,91.2,9.3,-20
57.65,2400,-85,91.2,9.3,0
57.7,2407,-85,91.18,9.3,0
57.75,2399,-85,91.18,9.3,0
57.8,2396,-85,91.18,9.3,20
57.85,2371,-84,91.2,9.3,20
57.9,2356,-83,91.2,9.3,40
57.95,2349,-81,91.2,9.3,20
58,2354,-80,91.24,9.3,60
58.05,2355,-77,91.24,9.3,60
58.1,2355,-74,91.24,9.3,60
58.15,2350,-71,91.24,9.3,80
58.2,2336,-67,91.22,9.3,60
58.25,2336,-64,91.22,9.3,40
58.3,2331,-62,91.22,9.3,20
58.35,2326,-61,91.2,9.3,-40
58.4,2321,-63,91.22,9.3,-60
58.45,2319,-66,91.2,9.3,-100
58.5,2318,-71,91.22,9.3,-100
58.55,2315,-76,91.22,9.3,-80
58.6,2309,-80,91.22,9.3,-60
58.65,2302,-83,91.24,9.3,-20
58.7,2298,-84,91.22,9.3,20
58.75,2292,-83,91.24,9.3,60
58.8,2291,-80,91.24,9.3,100
58.85,2291,-75,91.22,9.3,80
58.9,2285,-71,91.2,9.3,80
58.95,2280,-67,91.2,9.3,40
59,2281,-65,91.18,9.3,0
59.05,2279,-65,91.2,9.3,-40
59.1,2282,-67,91.2,9.3,-40
59.15,2285,-69,91.2,9.3,-40
59.2,2285,-71,91.2,9.3,-40
59.25,2283,-73,91.2,9.3,0
59.3,2280,-73,91.22,9.3,0
59.35,2282,-73,91.22,9.3,20
59.4,2281,-72,91.22,9.3,20
59.45,2255,-71,91.2,9.3,40
59.5,2246,-69,91.2,9.3,20
59.55,2248,-68,91.2,9.3,40
59.6,2243,-66,91.2,9.3,60
59.65,2234,-63,91.2,9.3,60
59.7,2227,-60,91.2,9.3,40
59.75,2228,-58,91.2,9.3,-20
59.8,2231,-59,91.18,9.3,-40
59.85,2223,-61,91.2,9.3,-60
59.9,2225,-64,91.2,9.3,-80
59.95,2232,-68,91.2,9.3,-80
60,2230,-72,91.2,9.3,-60
60.05,2224,-75,91.24,9.3,-80
60.1,2217,-79,91.22,9.3,-40
60.15,2201,-81,91.22,9.3,-20
60.2,2192,-82,91.2,9.3,0
60.25,2181,-82,91.2,9.3,0
60.3,2179,-82,91.22,9.3,40
60.35,2180,-80,91.24,9.3,40
60.4,2184,-78,91.22,9.3,60
60.45,2188,-75,91.24,9.3,80
60.5,2177,-71,91.22,9.3,80
60.55,2174,-67,91.2,9.3,40
60.6,2174,-65,91.18,9.3,0
60.65,2191,-65,91.18,9.3,-60
60.7,2194,-68,91.18,9.3,-60
60.75,2179,-71,91.2,9.3,-80
60.8,2172,-75,91.2,9.3,-60
60.85,2158,-78,91.22,9.3,-20
60.9,2148,-79,91.22,9.3,0
60.95,2140,-79,91.22,9.3,20
61,2134,-78,91.22,9.3,20
61.05,2126,-77,91.22,9.3,40
61.1,2120,-75,91.22,9.3,60
61.15,2123,-72,91.2,9.3,80
61.2,2124,-68,91.18,9.3,60
61.25,2122,-65,91.18,9.3,40
61.3,2120,-63,91.18,9.3,0
61.35,2117,-63,91.17,9.3,-20
61.4,2114,-64,91.18,9.3,-60
61.45,2112,-67,91.17,9.3,-40
61.5,2117,-69,91.17,9.3,-80
61.55,2117,-73,91.17,9.3,-60
61.6,2116,-76,91.17,9.3,-40
61.65,2107,-78,91.18,9.3,-20
61.7,2089,-79,91.18,9.3,60
61.75,2073,-76,91.2,9.3,100
61.8,2066,-71,91.2,9.3,120
61.85,2068,-65,91.2,9.3,100
61.9,2079,-60,91.2,9.3,60
61.95,2077,-57,91.2,9.3,0
62,2075,-57,91.2,9.3,-40
62.05,2065,-59,91.17,9.3,-60
62.1,2056,-62,91.17,9.3,-80
62.15,2055,-66,91.17,9.3,-100
62.2,2068,-71,91.17,9.3,-60
62.25,2064,-74,91.17,9.3,-60
62.3,2058,-77,91.18,9.3,-40
62.35,2065,-79,91.2,9.3,-20
62.4,2053,-80,91.2,9.3,-20
62.45,2039,-81,91.2,9.3,-20
62.5,2038,-82,91.2,9.3,0
62.55,2035,-82,91.18,9.3,20
62.6,2027,-81,91.18,9.3,60
62.65,2022,-78,91.17,9.3,80
62.7,2025,-74,91.17,9.3,80
62.75,2033,-70,91.17,9.3,60
62.8,2034,-67,91.17,9.3,20
62.85,2039,-66,91.17,9.3,0
62.9,2037,-66,91.17,9.3,0
62.95,2023,-66,91.18,9.3,20
63,2015,-65,91.17,9.3,0
63.05,2009,-65,91.17,9.3,-20
63.1,1988,-66,91.18,9.3,-60
63.15,1985,-69,91.18,9.3,-100
63.2,1973,-74,91.18,9.3,-100
63.25,1969,-79,91.18,9.3,-80
63.3,1958,-83,91.2,9.3,-20
63.35,1956,-84,91.18,9.3,20
63.4,1957,-83,91.18,9.3,60
63.45,1957,-80,91.2,9.3,60
63.5,1954,-77,91.2,9.3,40
63.55,1950,-75,91.2,9.3,0
63.6,1948,-75,91.2,9.3,-60
63.65,1945,-78,91.18,9.3,-80
63.7,1945,-82,91.18,9.3,-100
63.75,1944,-87,91.18,9.3,-100
63.8,1941,-92,91.17,9.3,-40
63.85,1943,-94,91.17,9.3,-20
63.9,1951,-95,91.17,9.3,40
63.95,1945,-93,91.17,9.3,60
64,1942,-90,91.15,9.3,60
64.05,1935,-87,91.15,9.3,80
64.1,1930,-83,91.15,9.3,80
64.15,1923,-79,91.15,9.3,60
64.2,1904,-76,91.15,9.3,20
64.25,1892,-75,91.15,9.3,20
64.3,1888,-74,91.15,9.3,0
64.35,1885,-74,91.15,9.3,-20
64.4,1888,-75,91.15,9.3,0
64.45,1891,-75,91.15,9.3,0
64.5,1888,-75,91.17,9.3,-20
64.55,1888,-76,91.15,9.3,0
64.6,1881,-76,91.17,9.3,-20
64.65,1869,-77,91.17,9.3,-20
64.7,1856,-78,91.18,9.3,-20
64.75,1852,-79,91.18,9.3,-20
64.8,1847,-80,91.18,9.3,0
64.85,1844,-80,91.18,9.3,0
64.9,1842,-80,91.17,9.3,0
64.95,1836,-80,91.17,9.3,-20
65,1835,-81,91.18,9.3,-20
65.05,1834,-82,91.17,9.3,20
65.1,1831,-81,91.17,9.3,40
65.15,1829,-79,91.17,9.3,60
65.2,1822,-76,91.15,9.3,80
65.25,1819,-72,91.15,9.3,40
65.3,1813,-70,91.13,9.3,20
65.35,1810,-69,91.15,9.3,0
65.4,1809,-69,91.13,9.3,-20
65.45,1806,-70,91.13,9.3,0
65.5,1803,-70,91.15,9.3,0
65.55,1803,-70,91.15,9.3,20
65.6,1798,-69,91.15,9.3,40
65.65,1790,-67,91.17,9.3,20
65.7,1787,-66,91.17,9.3,20
65.75,1786,-65,91.17,9.3,0
65.8,1788,-65,91.17,9.3,-20
65.85,1794,-66,91.17,9.3,-40
65.9,1791,-68,91.17,9.3,-20
65.95,1787,-69,91.18,9.3,20
66,1771,-68,91.17,9.3,40
66.05,1770,-66,91.17,9.3,60
66.1,1757,-63,91.15,9.3,60
66.15,1758,-60,91.15,9.3,40
66.2,1757,-58,91.13,9.3,20
66.25,1759,-57,91.13,9.3,0
66.3,1753,-57,91.13,9.3,-40
66.35,1755,-59,91.11,9.3,-40
66.4,1751,-61,91.11,9.3,-60
66.45,1754,-64,91.13,9.3,-40
66.5,1747,-66,91.13,9.3,-20
66.55,1744,-67,91.13,9.3,-20
66.6,1733,-68,91.13,9.3,-20
66.65,1733,-69,91.15,9.3,-40
66.7,1732,-71,91.15,9.3,-40
66.75,1726,-73,91.15,9.3,-60
66.8,1717,-76,91.15,9.3,-80
66.85,1704,-80,91.15,9.3,-20
66.9,1698,-81,91.17,9.3,-20
66.95,1695,-82,91.17,9.3,40
67,1702,-80,91.17,9.3,60
67.05,1708,-77,91.17,9.3,60
67.1,1712,-74,91.15,9.3,40
67.15,1713,-72,91.13,9.3,40
67.2,1714,-70,91.13,9.3,20
67.25,1706,-69,91.13,9.3,0
67.3,1699,-69,91.11,9.3,-20
67.35,1687,-70,91.11,9.3,-40
67.4,1676,-72,91.13,9.3,-20
67.45,1678,-73,91.13,9.3,-20
67.5,1671,-74,91.13,9.3,-20
67.55,1662,-75,91.13,9.3,-20
67.6,1653,-76,91.15,9.3,-20
67.65,1652,-77,91.15,9.3,0
67.7,1652,-77,91.13,9.3,0
67.75,1642,-77,91.15,9.3,20
67.8,1629,-76,91.15,9.3,20
67.85,1625,-75,91.15,9.3,20
67.9,1622,-74,91.15,9.3,0
67.95,1619,-74,91.13,9.3,-20
68,1614,-75,91.15,9.3,-40
68.05,1615,-77,91.15,9.3,-20
68.1,1619,-78,91.15,9.3,-20
68.15,1625,-79,91.15,9.3,0
68.2,1629,-79,91.15,9.3,40
68.25,1624,-77,91.13,9.3,40
68.3,1616,-75,91.15,9.3,20
68.35,1613,-74,91.15,9.3,20
68.4,1609,-73,91.15,9.3,-20
68.45,1602,-74,91.13,9.3,-40
68.5,1595,-76,91.15,9.3,-40
68.55,1589,-78,91.15,9.3,-20
68.6,1580,-79,91.13,9.3,40
68.65,1583,-77,91.13,9.3,80
68.7,1577,-73,91.13,9.3,100
68.75,1559,-68,91.13,9.3,80
68.8,1560,-64,91.13,9.3,0
68.85,1558,-64,91.11,9.3,-40
68.9,1556,-66,91.11,9.3,-60
68.95,1558,-69,91.13,9.3,-80
69,1553,-73,91.13,9.3,-60
69.05,1558,-76,91.13,9.3,-60
69.1,1559,-79,91.13,9.3,-20
69.15,1555,-80,91.13,9.3,0
69.2,1550,-80,91.13,9.3,0
69.25,1553,-80,91.11,9.3,-20
69.3,1549,-81,91.13,9.3,-20
69.35,1544,-82,91.11,9.3,-40
69.4,1534,-84,91.11,9.3,-40
69.45,1520,-86,91.13,9.3,0
69.5,1506,-86,91.13,9.3,20
69.55,1496,-85,91.13,9.3,80
69.6,1489,-81,91.11,9.3,60
69.65,1502,-78,91.09,9.3,80
69.7,1516,-74,91.08,9.3,60
69.75,1525,-71,91.08,9.3,20
69.8,1505,-70,91.08,9.3,-20
69.85,1496,-71,91.08,9.3,-60
69.9,1480,-74,91.08,9.3,-100
69.95,1472,-79,91.09,9.3,-100
70,1463,-84,91.11,9.3,-80
70.05,1462,-88,91.11,9.3,-60
70.1,1466,-91,91.13,9.3,0
70.15,1472,-91,91.13,9.3,20
70.2,1471,-90,91.13,9.3,20
70.25,1465,-89,91.11,9.3,40
70.3,1450,-87,91.11,9.3,20
70.35,1444,-86,91.11,9.3,60
70.4,1437,-83,91.11,9.3,40
70.45,1417,-81,91.11,9.3,40
70.5,1414,-79,91.11,9.3,0
70.55,1427,-79,91.11,9.3,-40
70.6,1429,-81,91.11,9.3,-100
70.65,1428,-86,91.11,9.3,-80
70.7,1435,-90,91.11,9.3,-60
70.75,1433,-93,91.09,9.3,0
70.8,1418,-93,91.09,9.3,40
70.85,1414,-91,91.09,9.3,60
70.9,1410,-88,91.09,9.3,40
70.95,1391,-86,91.09,9.3,20
71,1372,-85,91.11,9.3,20
71.05,1370,-84,91.11,9.3,0
71.1,1378,-84,91.09,9.3,0
71.15,1383,-84,91.09,9.3,20
71.2,1379,-83,91.09,9.3,60
71.25,1376,-80,91.09,9.3,80
71.3,1375,-76,91.09,9.3,80
71.35,1366,-72,91.08,9.3,60
71.4,1366,-69,91.08,9.3,40
71.45,1359,-67,91.08,9.3,-20
71.5,1346,-68,91.06,9.3,-80
71.55,1341,-72,91.06,9.3,-100
71.6,1339,-77,91.06,9.3,-100
71.65,1333,-82,91.04,9.3,-60
71.7,1328,-85,91.04,9.3,-20
71.75,1318,-86,91.04,9.3,20
71.8,1317,-85,91.04,9.3,40
71.85,1315,-83,91.04,9.3,40
71.9,1308,-81,91.06,9.3,60
71.95,1301,-78,91.04,9.3,40
72,1298,-76,91.06,9.3,-20
72.05,1299,-77,91.06,9.3,-20
72.1,1310,-78,91.08,9.3,-40
72.15,1304,-80,91.08,9.3,-20
72.2,1301,-81,91.08,9.3,0
72.25,1303,-81,91.08,9.3,40
72.3,1305,-79,91.08,9.3,40
72.35,1303,-77,91.06,9.3,40
72.4,1299,-75,91.06,9.3,20
72.45,1297,-74,91.04,9.3,40
72.5,1284,-72,91.02,9.3,0
72.55,1276,-72,91.02,9.3,0
72.6,1264,-72,91.02,9.3,0
72.65,1261,-72,91.02,9.3,-20
72.7,1258,-73,91.02,9.3,0
72.75,1254,-73,91.02,9.3,-20
72.8,1249,-74,91,9.3,-20
72.85,1246,-75,91,9.3,0
72.9,1241,-75,91,9.3,-20
72.95,1237,-76,91.02,9.3,0
73,1228,-76,91.02,9.3,0
73.05,1222,-76,91.04,9.3,0
73.1,1219,-76,91.04,9.3,0
73.15,1217,-76,91.04,9.3,0
73.2,1217,-76,91.04,9.3,0
73.25,1217,-76,91.04,9.3,0
73.3,1219,-76,91.04,9.3,0
73.35,1219,-76,91.04,9.3,20
73.4,1213,-75,91.04,9.3,0
73.45,1210,-75,91.04,9.3,20
73.5,1205,-74,91.04,9.3,20
73.55,1198,-73,91.04,9.3,40
73.6,1191,-71,91.04,9.3,0
73.65,1187,-71,91.04,9.3,20
73.7,1180,-70,91.04,9.3,0
73.75,1168,-70,91.04,9.3,0
73.8,1168,-70,91.04,9.3,0
73.85,1160,-70,91.02,9.3,20
73.9,1155,-69,91.02,9.3,0
73.95,1151,-69,91.04,9.3,20
74,1151,-68,91.02,9.3,20
74.05,1153,-67,91.02,9.3,20
74.1,1157,-66,91.04,9.3,20
74.15,1161,-65,91.02,9.3,-20
74.2,1151,-66,91.04,9.3,-20
74.25,1156,-67,91.02,9.3,-20
74.3,1157,-68,91.02,9.3,-20
74.35,1153,-69,91.02,9.3,-20
74.4,1146,-70,91.02,9.3,0
74.45,1141,-70,91.02,9.3,0
74.5,1132,-70,91.02,9.3,0
74.55,1129,-70,91.02,9.3,20
74.6,1126,-69,91,9.3,20
74.65,1119,-68,91,9.3,40
74.7,1116,-66,91,9.3,60
74.75,1117,-63,91,9.3,40
74.8,1109,-61,91,9.3,40
74.85,1105,-59,91,9.3,0
74.9,1102,-59,91,9.3,-20
74.95,1094,-60,91,9.3,-80
75,1092,-64,91,9.3,-100
75.05,1091,-69,91,9.3,-100
75.1,1095,-74,90.99,9.3,-60
75.15,1092,-77,90.99,9.3,-40
75.2,1085,-79,90.99,9.3,-20
75.25,1084,-80,90.99,9.3,-40
75.3,1082,-82,90.99,9.3,-40
75.35,1078,-84,90.99,9.3,-40
75.4,1073,-86,90.99,9.3,-20
75.45,1069,-87,90.99,9.3,0
75.5,1062,-87,90.99,9.3,0
75.55,1052,-87,90.99,9.3,-20
75.6,1049,-88,90.97,9.3,0
75.65,1048,-88,90.99,9.3,20
75.7,1051,-87,90.97,9.3,0
75.75,1051,-87,90.99,9.3,40
75.8,1047,-85,90.97,9.3,60
75.85,1041,-82,90.99,9.3,60
75.9,1045,-79,90.97,9.3,60
75.95,1034,-76,90.97,9.3,20
76,1018,-75,90.97,9.3,0
76.05,1005,-75,90.95,9.3,-20
76.1,995,-76,90.95,9.3,-20
76.15,1000,-77,90.95,9.3,-20
76.2,1010,-78,90.95,9.3,-20
76.25,997,-79,90.95,9.3,-20
76.3,985,-80,90.95,9.3,0
76.35,975,-80,90.95,9.3,0
76.4,970,-80,90.93,9.3,20
76.45,962,-79,90.95,9.3,20
76.5,958,-78,90.93,9.3,0
76.55,955,-78,90.93,9.3,-20
76.6,950,-79,90.93,9.3,-40
76.65,945,-81,90.93,9.3,-60
76.7,942,-84,90.93,9.3,-40
76.75,941,-86,90.93,9.3,-60
76.8,942,-89,90.93,9.3,-20
76.85,949,-90,90.93,9.3,0
76.9,950,-90,90.93,9.3,20
76.95,951,-89,90.93,9.3,60
77,950,-86,90.91,9.3,60
77.05,945,-83,90.91,9.3,60
77.1,941,-80,90.91,9.3,20
77.15,934,-79,90.91,9.3,40
77.2,928,-77,90.93,9.3,60
77.25,923,-74,90.93,9.3,60
77.3,921,-71,90.93,9.3,80
77.35,914,-67,90.93,9.3,80
77.4,912,-63,90.93,9.3,40
77.45,910,-61,90.93,9.3,20
77.5,904,-60,90.93,9.3,-20
77.55,903,-61,90.93,9.3,-40
77.6,894,-63,90.93,9.3,-60
77.65,883,-66,90.93,9.3,-20
77.7,880,-67,90.93,9.3,-40
77.75,876,-69,90.91,9.3,-20
77.8,863,-70,90.91,9.3,-40
77.85,859,-72,90.91,9.3,-40
77.9,854,-74,90.91,9.3,-40
77.95,850,-76,90.91,9.3,-60
78,850,-79,90.91,9.3,-20
78.05,848,-80,90.91,9.3,-40
78.1,847,-82,90.91,9.3,-20
78.15,848,-83,90.9,9.3,0
78.2,849,-83,90.9,9.3,0
78.25,848,-83,90.9,9.3,20
78.3,847,-82,90.88,9.3,20
78.35,850,-81,90.88,9.3,40
78.4,847,-79,90.88,9.3,60
78.45,846,-76,90.88,9.3,40
78.5,840,-74,90.9,9.3,60
78.55,828,-71,90.91,9.3,60
78.6,813,-68,90.9,9.3,40
78.65,806,-66,90.9,9.3,20
78.7,807,-65,90.88,9.3,20
78.75,809,-64,90.88,9.3,20
78.8,812,-63,90.86,9.3,20
78.85,809,-62,90.86,9.3,40
78.9,799,-60,90.86,9.3,60
78.95,790,-57,90.86,9.3,20
79,792,-56,90.88,9.3,20
79.05,780,-55,90.88,9.3,-20
79.1,769,-56,90.9,9.3,-40
79.15,767,-58,90.9,9.3,-60
79.2,762,-61,90.9,9.3,-60
79.25,756,-64,90.9,9.3,-80
79.3,754,-68,90.9,9.3,-240
79.35,758,-80,90.88,9.3,-380
79.4,761,-99,90.86,9.3,-340
79.45,762,-116,90.86,9.3,-300
79.5,764,-131,90.86,9.3,20
79.55,757,-130,90.84,9.3,360
79.6,760,-112,90.86,9.3,320
79.65,762,-96,90.86,9.3,320
79.7,747,-80,90.86,9.3,140
79.75,739,-73,90.86,9.3,0
79.8,726,-73,90.88,9.3,20
79.85,736,-72,90.88,9.3,20
79.9,748,-71,90.9,9.3,20
79.95,745,-70,90.9,9.3,0
80,742,-70,90.88,9.3,0
80.05,737,-70,90.88,9.3,0
80.1,735,-70,90.86,9.3,0
80.15,735,-70,90.86,9.3,40
80.2,730,-68,90.86,9.3,20
80.25,712,-67,90.84,9.3,-20
80.3,703,-68,90.84,9.3,-20
80.35,694,-69,90.84,9.3,-40
80.4,403,-71,90.82,9.1,-20
80.45,440,-72,90.84,9,-20
80.5,673,-73,90.84,9.1,20
80.55,672,-72,90.84,9.1,20
80.6,669,-71,90.84,9.1,60
80.65,672,-68,90.84,9.1,60
80.7,667,-65,90.84,9.2,20
80.75,663,-64,90.86,9.2,-20
80.8,660,-65,90.86,9.2,-60
80.85,665,-68,90.86,9.2,-120
80.9,661,-74,90.86,9.2,-80
80.95,654,-78,90.86,9.2,-80
81,647,-82,90.88,9.2,-20
81.05,640,-83,90.88,9.2,0
81.1,608,-83,90.88,9.2,20
81.15,631,-82,90.86,9.2,40
81.2,638,-80,90.88,9.2,60
81.25,628,-77,90.88,9.2,220
81.3,624,-66,90.88,9.2,380
81.35,618,-47,90.86,9.2,360
81.4,616,-29,90.86,9.3,380
81.45,617,-10,90.86,9.3,60
81.5,624,-7,90.86,9.3,-280
81.55,615,-21,90.86,9.3,-280
81.6,613,-35,90.84,9.3,-280
81.65,631,-49,90.84,9.3,-120
81.7,622,-55,90.84,9.3,20
81.75,615,-54,90.86,9.3,20
81.8,610,-53,90.86,9.3,20
81.85,593,-52,90.86,9.3,0
81.9,584,-52,90.86,9.3,20
81.95,579,-51,90.86,9.3,20
82,575,-50,90.86,9.3,20
82.05,572,-49,90.84,9.3,0
82.1,571,-49,90.82,9.3,-40
82.15,568,-51,90.84,9.3,-40
82.2,564,-53,90.84,9.3,-20
82.25,559,-54,90.86,9.3,-20
82.3,559,-55,90.84,9.3,20
82.35,558,-54,90.84,9.3,-20
82.4,560,-55,90.84,9.3,-20
82.45,562,-56,90.86,9.3,-40
82.5,562,-58,90.86,9.3,-40
82.55,555,-60,90.86,9.3,-80
82.6,560,-64,90.86,9.3,-60
82.65,559,-67,90.86,9.3,-40
82.7,556,-69,90.86,9.3,-20
82.75,558,-70,90.86,9.3,40
82.8,568,-68,90.86,9.3,60
82.85,559,-65,90.84,9.3,60
82.9,552,-62,90.84,9.3,40
82.95,546,-60,90.86,9.3,40
83,543,-58,90.84,9.3,0
83.05,534,-58,90.84,9.3,0
83.1,528,-58,90.84,9.3,0
83.15,521,-58,90.84,9.3,20
83.2,518,-57,90.82,9.3,20
83.25,519,-56,90.82,9.3,20
83.3,518,-55,90.81,9.3,0
83.35,513,-55,90.81,9.3,-20
83.4,507,-56,90.81,9.3,-20
83.45,510,-57,90.79,9.3,-40
83.5,503,-59,90.79,9.3,-20
83.55,499,-60,90.77,9.3,-20
83.6,488,-61,90.77,9.3,-20
83.65,479,-62,90.77,9.3,-40
83.7,476,-64,90.75,9.3,-60
83.75,472,-67,90.77,9.3,-60
83.8,466,-70,90.75,9.3,-20
83.85,466,-71,90.77,9.3,0
83.9,466,-71,90.77,9.3,40
83.95,463,-69,90.77,9.3,60
84,462,-66,90.77,9.3,60
84.05,457,-63,90.77,9.3,60
84.1,454,-60,90.77,9.3,40
84.15,448,-58,90.75,9.3,40
84.2,445,-56,90.73,9.3,20
84.25,454,-55,90.73,9.3,20
84.3,463,-54,90.75,9.3,0
84.35,457,-54,90.75,9.3,20
84.4,444,-53,90.75,9.3,40
84.45,438,-51,90.75,9.3,40
84.5,442,-49,90.72,9.3,40
84.55,442,-47,90.75,9.3,60
84.6,444,-44,90.75,9.3,40
84.65,442,-42,90.77,9.3,60
84.7,420,-39,90.77,9.3,20
84.75,422,-38,90.77,9.3,40
84.8,418,-36,90.77,9.3,20
84.85,414,-35,90.77,9.3,20
84.9,410,-34,90.77,9.3,20
84.95,410,-33,90.77,9.3,0
85,412,-33,90.75,9.3,20
85.05,412,-32,90.75,9.3,20
85.1,412,-31,90.75,9.3,0
85.15,411,-31,90.77,9.3,-20
85.2,411,-32,90.77,9.3,-20
85.25,409,-33,90.77,9.3,-20
85.3,408,-34,90.77,9.3,20
85.35,408,-33,90.77,9.3,20
85.4,406,-32,90.77,9.3,40
85.45,406,-30,90.75,9.3,20
85.5,404,-29,90.75,9.3,0
85.55,402,-29,90.75,9.3,20
85.6,401,-28,90.75,9.3,40
85.65,400,-26,90.77,9.3,40
85.7,398,-24,90.75,9.3,40
85.75,398,-22,90.75,9.3,40
85.8,399,-20,90.75,9.3,20
85.85,399,-19,90.75,9.3,0
85.9,398,-19,90.77,9.3,0
85.95,396,-19,90.75,9.3,0
86,396,-19,90.77,9.3,-20
86.05,394,-20,90.75,9.3,0
86.1,391,-20,90.75,9.3,0
86.15,389,-20,90.75,9.3,0
86.2,386,-20,90.75,9.3,20
86.25,387,-19,90.75,9.3,0
86.3,387,-19,90.75,9.3,0
86.35,385,-19,90.75,9.3,0
86.4,386,-19,90.75,9.3,0
86.45,384,-19,90.75,9.3,0
86.5,386,-19,90.75,9.3,0
86.55,386,-19,90.73,9.3,0
86.6,383,-19,90.73,9.3,20
86.65,381,-18,90.73,9.3,0
86.7,381,-18,90.73,9.3,-20
86.75,379,-19,90.73,9.3,0
86.8,378,-19,90.73,9.3,-20
86.85,376,-20,90.73,9.3,0
86.9,375,-20,90.73,9.3,0
86.95,372,-20,90.73,9.3,20
87,373,-19,90.75,9.3,0
87.05,373,-19,90.73,9.3,20
87.1,372,-18,90.73,9.3,0
87.15,372,-18,90.73,9.3,20
87.2,373,-17,90.73,9.3,0
87.25,370,-17,90.73,9.3,-20
87.3,370,-18,90.73,9.3,0
87.35,368,-18,90.73,9.3,-20
87.4,367,-19,90.72,9.3,-20
87.45,366,-20,90.73,9.3,0
87.5,365,-20,90.72,9.3,0
87.55,365,-20,90.72,9.3,-20
87.6,364,-21,90.73,9.3,0
87.65,363,-21,90.72,9.3,20
87.7,363,-20,90.72,9.3,0
87.75,361,-20,90.72,9.3,0
87.8,360,-20,90.73,9.3,20
87.85,358,-19,90.72,9.3,0
87.9,357,-19,90.72,9.3,0
87.95,358,-19,90.72,9.3,0
88,357,-19,90.72,9.3,0
88.05,355,-19,90.72,9.3,0
88.1,356,-19,90.72,9.3,-20
88.15,355,-20,90.72,9.3,0
88.2,353,-20,90.72,9.3,0
88.25,353,-20,90.72,9.3,-20
88.3,351,-21,90.72,9.3,0
88.35,349,-21,90.72,9.3,0
88.4,347,-21,90.72,9.3,0
88.45,344,-21,90.72,9.3,0
88.5,345,-21,90.72,9.3,0
88.55,343,-21,90.72,9.3,0
88.6,342,-21,90.72,9.3,0
88.65,341,-21,90.72,9.3,0
88.7,339,-21,90.72,9.3,0
88.75,338,-21,90.72,9.3,0
88.8,341,-21,90.72,9.3,0
88.85,339,-21,90.72,9.3,0
88.9,336,-21,90.72,9.3,0
88.95,337,-21,90.7,9.3,0
89,335,-21,90.7,9.3,0
89.05,335,-21,90.7,9.3,0
89.1,334,-21,90.7,9.3,0
89.15,332,-21,90.7,9.3,0
89.2,331,-21,90.7,9.3,20
89.25,329,-20,90.7,9.3,0
89.3,328,-20,90.7,9.3,0
89.35,324,-20,90.7,9.3,0
89.4,325,-20,90.7,9.3,20
89.45,325,-19,90.68,9.3,0
89.5,323,-19,90.7,9.3,20
89.55,324,-18,90.7,9.3,0
89.6,323,-18,90.7,9.3,20
89.65,321,-17,90.68,9.3,0
89.7,319,-17,90.7,9.3,-20
89.75,318,-18,90.7,9.3,0
89.8,317,-18,90.7,9.3,0
89.85,318,-18,90.68,9.3,-20
89.9,317,-19,90.7,9.3,0
89.95,317,-19,90.68,9.3,0
90,314,-19,90.68,9.3,-20
90.05,314,-20,90.68,9.3,0
90.1,314,-20,90.66,9.3,20
90.15,313,-19,90.66,9.3,0
90.2,313,-19,90.66,9.3,20
90.25,314,-18,90.64,9.3,0
90.3,310,-18,90.66,9.3,20
90.35,308,-17,90.66,9.3,0
90.4,305,-17,90.68,9.3,0
90.45,306,-17,90.64,9.3,-20
90.5,309,-18,90.64,9.3,0
90.55,308,-18,90.64,9.3,0
90.6,307,-18,90.64,9.3,0
90.65,307,-18,90.64,9.3,0
90.7,305,-18,90.64,9.3,0
90.75,304,-18,90.64,9.3,0
90.8,302,-18,90.64,9.3,0
90.85,301,-18,90.64,9.3,-20
90.9,299,-19,90.64,9.3,0
90.95,297,-19,90.66,9.3,0
91,296,-19,90.66,9.3,0
91.05,294,-19,90.66,9.3,0
91.1,295,-19,90.66,9.3,0
91.15,294,-19,90.66,9.3,0
91.2,292,-19,90.66,9.3,0
91.25,294,-19,90.66,9.3,20
91.3,292,-18,90.66,9.3,0
91.35,291,-18,90.66,9.3,0
91.4,291,-18,90.66,9.3,-20
91.45,289,-19,90.66,9.3,0
91.5,289,-19,90.66,9.3,-20
91.55,287,-20,90.66,9.3,0
91.6,286,-20,90.66,9.3,0
91.65,285,-20,90.66,9.3,0
91.7,285,-20,90.66,9.3,0
91.75,283,-20,90.64,9.3,0
91.8,282,-20,90.64,9.3,0
91.85,280,-20,90.64,9.3,20
91.9,278,-19,90.66,9.3,0
91.95,278,-19,90.66,9.3,20
92,276,-18,90.66,9.3,0
92.05,276,-18,90.66,9.3,0
92.1,276,-18,90.66,9.3,0
92.15,276,-18,90.66,9.3,0
92.2,276,-18,90.66,9.3,0
92.25,275,-18,90.66,9.3,0
92.3,274,-18,90.64,9.3,0
92.35,271,-18,90.66,9.3,0
92.4,271,-18,90.66,9.3,0
92.45,270,-18,90.64,9.3,0
92.5,269,-18,90.66,9.3,0
92.55,269,-18,90.64,9.3,0
92.6,267,-18,90.64,9.3,0
92.65,265,-18,90.64,9.3,0
92.7,265,-18,90.64,9.3,0
92.75,262,-18,90.64,9.3,0
92.8,262,-18,90.64,9.3,0
92.85,261,-18,90.64,9.3,20
92.9,261,-17,90.64,9.3,0
92.95,260,-17,90.64,9.3,0
93,260,-17,90.64,9.3,0
93.05,259,-17,90.63,9.3,0
93.1,258,-17,90.63,9.3,-20
93.15,259,-18,90.63,9.3,0
93.2,258,-18,90.63,9.3,0
93.25,257,-18,90.63,9.3,0
93.3,257,-18,90.61,9.3,0
93.35,255,-18,90.61,9.3,0
93.4,253,-18,90.61,9.3,0
93.45,253,-18,90.61,9.3,0
93.5,252,-18,90.61,9.3,0
93.55,250,-18,90.61,9.3,0
93.6,250,-18,90.61,9.3,0
93.65,248,-18,90.63,9.3,0
93.7,248,-18,90.61,9.3,20
93.75,247,-17,90.61,9.3,0
93.8,245,-17,90.61,9.3,0
93.85,245,-17,90.61,9.3,0
93.9,244,-17,90.61,9.3,0
93.95,245,-17,90.61,9.3,-20
94,242,-18,90.61,9.3,0
94.05,243,-18,90.61,9.3,-20
94.1,241,-19,90.63,9.3,0
94.15,240,-19,90.63,9.3,0
94.2,240,-19,90.61,9.3,0
94.25,237,-19,90.63,9.3,0
94.3,237,-19,90.61,9.3,0
94.35,235,-19,90.63,9.3,-20
94.4,234,-20,90.63,9.3,0
94.45,234,-20,90.61,9.3,0
94.5,233,-20,90.63,9.3,0
94.55,231,-20,90.61,9.3,0
94.6,230,-20,90.61,9.3,0
94.65,229,-20,90.61,9.3,0
94.7,230,-20,90.61,9.3,0
94.75,229,-20,90.61,9.3,0
94.8,229,-20,90.61,9.3,0
94.85,229,-20,90.61,9.3,0
94.9,226,-20,90.61,9.3,0
94.95,224,-20,90.61,9.3,0
95,223,-20,90.61,9.3,-20
95.05,222,-21,90.61,9.3,20
95.1,222,-20,90.61,9.3,0
95.15,221,-20,90.61,9.3,0
95.2,220,-20,90.61,9.3,0
95.25,218,-20,90.61,9.3,0
95.3,217,-20,90.59,9.3,0
95.35,216,-20,90.59,9.3,20
95.4,214,-19,90.61,9.3,0
95.45,213,-19,90.59,9.3,0
95.5,211,-19,90.59,9.3,0
95.55,211,-19,90.59,9.3,0
95.6,210,-19,90.59,9.3,-20
95.65,209,-20,90.59,9.3,0
95.7,208,-20,90.59,9.3,0
95.75,208,-20,90.59,9.3,-20
95.8,205,-21,90.59,9.3,0
95.85,206,-21,90.59,9.3,0
95.9,204,-21,90.59,9.3,0
95.95,203,-21,90.59,9.3,0
96,202,-21,90.59,9.3,0
96.05,201,-21,90.59,9.3,0
96.1,200,-21,90.59,9.3,0
96.15,201,-21,90.59,9.3,0
96.2,199,-21,90.57,9.3,0
96.25,197,-21,90.59,9.3,0
96.3,198,-21,90.57,9.3,0
96.35,197,-21,90.57,9.3,0
96.4,195,-21,90.57,9.3,0
96.45,195,-21,90.57,9.3,0
96.5,194,-21,90.57,9.3,0
96.55,193,-21,90.55,9.3,0
96.6,192,-21,90.57,9.3,0
96.65,190,-21,90.55,9.3,0
96.7,190,-21,90.55,9.3,0
96.75,188,-21,90.55,9.3,0
96.8,185,-21,90.55,9.3,-20
96.85,185,-22,90.55,9.3,0
96.9,184,-22,90.55,9.3,0
96.95,183,-22,90.57,9.3,0
97,181,-22,90.55,9.3,0
97.05,180,-22,90.57,9.3,0
97.1,180,-22,90.55,9.3,0
97.15,178,-22,90.55,9.3,-20
97.2,177,-23,90.55,9.3,0
97.25,176,-23,90.55,9.3,0
97.3,175,-23,90.54,9.3,0
97.35,173,-23,90.55,9.3,0
97.4,174,-23,90.54,9.3,0
97.45,172,-23,90.54,9.3,0
97.5,170,-23,90.55,9.3,0
97.55,170,-23,90.55,9.3,0
97.6,168,-23,90.55,9.3,0
97.65,168,-23,90.55,9.3,0
97.7,165,-23,90.55,9.3,20
97.75,165,-22,90.55,9.3,0
97.8,162,-22,90.57,9.3,0
97.85,162,-22,90.55,9.3,0
97.9,160,-22,90.55,9.3,0
97.95,159,-22,90.55,9.3,20
98,158,-21,90.55,9.3,0
98.05,157,-21,90.55,9.3,0
98.1,156,-21,90.57,9.3,0
98.15,155,-21,90.55,9.3,20
98.2,154,-20,90.55,9.3,0
98.25,153,-20,90.57,9.3,0
98.3,152,-20,90.57,9.3,0
98.35,151,-20,90.55,9.3,0
98.4,150,-20,90.57,9.3,0
98.45,150,-20,90.55,9.3,0
98.5,149,-20,90.55,9.3,0
98.55,147,-20,90.55,9.3,0
98.6,147,-20,90.55,9.3,0
98.65,145,-20,90.55,9.3,0
98.7,144,-20,90.55,9.3,0
98.75,142,-20,90.55,9.3,20
98.8,143,-19,90.55,9.3,0
98.85,142,-19,90.54,9.3,0
98.9,140,-19,90.54,9.3,0
98.95,139,-19,90.54,9.3,0
99,139,-19,90.54,9.3,0
99.05,139,-19,90.54,9.3,0
99.1,138,-19,90.54,9.3,0
99.15,138,-19,90.54,9.3,0
99.2,137,-19,90.54,9.3,0
99.25,136,-19,90.54,9.3,0
99.3,135,-19,90.54,9.3,0
99.35,134,-19,90.54,9.3,0
99.4,134,-19,90.52,9.3,0
99.45,132,-19,90.54,9.3,0
99.5,130,-19,90.54,9.3,0
99.55,129,-19,90.52,9.3,0
99.6,127,-19,90.54,9.3,20
99.65,128,-18,90.52,9.3,0
99.7,127,-18,90.54,9.3,-20
99.75,125,-19,90.54,9.3,0
99.8,123,-19,90.52,9.3,0
99.85,123,-19,90.52,9.3,0
99.9,123,-19,90.52,9.3,0
99.95,122,-19,90.52,9.3,0
100,120,-19,90.52,9.3,0
100.05,120,-19,90.52,9.3,0
100.1,118,-19,90.52,9.3,0
100.15,118,-19,90.52,9.3,0
100.2,117,-19,90.52,9.3,0
100.25,116,-19,90.52,9.3,0
100.3,114,-19,90.52,9.3,0
100.35,114,-19,90.52,9.3,0
100.4,112,-19,90.52,9.3,0
100.45,111,-19,90.52,9.3,0
100.5,110,-19,90.52,9.3,0
100.55,111,-19,90.52,9.3,0
100.6,110,-19,90.52,9.3,20
100.65,109,-18,90.52,9.3,0
100.7,107,-18,90.52,9.3,0
100.75,105,-18,90.54,9.3,0
100.8,104,-18,90.52,9.3,0
100.85,103,-18,90.54,9.3,0
100.9,102,-18,90.54,9.3,0
100.95,102,-18,90.52,9.3,0
101,101,-18,90.54,9.3,0
101.05,101,-18,90.54,9.3,0
101.1,100,-18,90.54,9.3,0
101.15,99,-18,90.52,9.3,0
101.2,98,-18,90.52,9.3,0
101.25,97,-18,90.52,9.3,0
101.3,96,-18,90.54,9.3,0
101.35,96,-18,90.52,9.3,0
101.4,94,-18,90.54,9.3,0
101.45,93,-18,90.52,9.3,0
101.5,93,-18,90.52,9.3,0
101.55,92,-18,90.52,9.3,0
101.6,92,-18,90.52,9.3,0
101.65,90,-18,90.54,9.3,0
101.7,89,-18,90.52,9.3,20
101.75,89,-17,90.52,9.3,0
101.8,89,-17,90.52,9.3,0
101.85,87,-17,90.52,9.3,0
101.9,87,-17,90.52,9.3,0
101.95,86,-17,90.5,9.3,0
102,84,-17,90.5,9.3,-20
102.05,83,-18,90.5,9.3,0
102.1,82,-18,90.5,9.3,0
102.15,81,-18,90.5,9.3,0
102.2,80,-18,90.5,9.3,0
102.25,79,-18,90.5,9.3,0
102.3,79,-18,90.5,9.3,0
102.35,78,-18,90.5,9.3,0
102.4,75,-18,90.5,9.3,0
102.45,78,-18,90.5,9.3,0
102.5,75,-18,90.5,9.3,0
102.55,73,-18,90.52,9.3,0
102.6,74,-18,90.52,9.3,-20
102.65,73,-19,90.5,9.3,0
102.7,73,-19,90.5,9.3,0
102.75,71,-19,90.5,9.3,0
102.8,70,-19,90.5,9.3,0
102.85,69,-19,90.5,9.3,-20
102.9,69,-20,90.5,9.3,20
102.95,68,-19,90.5,9.3,0
103,66,-19,90.5,9.3,0
103.05,65,-19,90.5,9.3,0
103.1,63,-19,90.5,9.3,0
103.15,62,-19,90.48,9.3,0
103.2,62,-19,90.48,9.3,0
103.25,61,-19,90.48,9.3,0
103.3,60,-19,90.48,9.3,20
103.35,59,-18,90.48,9.3,0
103.4,58,-18,90.48,9.3,0
103.45,58,-18,90.48,9.3,0
103.5,57,-18,90.48,9.3,0
103.55,56,-18,90.48,9.3,0
103.6,54,-18,90.48,9.3,0
103.65,53,-18,90.48,9.3,-20
103.7,52,-19,90.48,9.3,0
103.75,50,-19,90.5,9.3,0
103.8,50,-19,90.48,9.3,20
103.85,48,-18,90.48,9.3,0
103.9,48,-18,90.5,9.3,0
103.95,46,-18,90.5,9.3,0
104,46,-18,90.48,9.3,0
104.05,46,-18,90.48,9.3,0
104.1,43,-18,90.48,9.3,0
104.15,45,-18,90.48,9.3,0
104.2,42,-18,90.48,9.3,0
104.25,43,-18,90.48,9.3,0
104.3,42,-18,90.48,9.3,0
104.35,41,-18,90.48,9.3,0
104.4,39,-18,90.48,9.3,0
104.45,39,-18,90.48,9.3,0
104.5,40,-18,90.48,9.3,20
104.55,38,-17,90.48,9.3,0
104.6,37,-17,90.48,9.3,0
104.65,35,-17,90.48,9.3,20
104.7,35,-16,90.48,9.3,0
104.75,34,-16,90.48,9.3,0
104.8,34,-16,90.48,9.3,20
104.85,32,-15,90.46,9.3,0
104.9,32,-15,90.46,9.3,0
104.95,31,-15,90.46,9.3,0
105,31,-15,90.46,9.3,0
105.05,29,-15,90.46,9.3,0
105.1,28,-15,90.46,9.3,-20
105.15,27,-16,90.46,9.3,0
105.2,26,-16,90.46,9.3,0
105.25,26,-16,90.46,9.3,0
105.3,25,-16,90.46,9.3,20
105.35,24,-15,90.46,9.3,0
105.4,23,-15,90.46,9.3,0
105.45,22,-15,90.46,9.3,0
105.5,22,-15,90.46,9.3,0
105.55,20,-15,90.46,9.3,0
105.6,21,-15,90.46,9.3,0
105.65,21,-15,90.46,9.3,0
105.7,20,-15,90.46,9.3,0
105.75,19,-15,90.46,9.3,0
105.8,19,-15,90.46,9.3,0
105.85,17,-15,90.46,9.3,0
105.9,17,-15,90.46,9.3,0
105.95,17,-15,90.46,9.3,0
106,14,-15,90.46,9.3,0
106.05,14,-15,90.46,9.3,0
106.1,14,-15,90.46,9.3,0
106.15,13,-15,90.46,9.3,20
106.2,11,-14,90.46,9.3,0
106.25,12,-14,90.46,9.3,0
106.3,10,-14,90.46,9.3,0
106.35,10,-14,90.46,9.3,0
106.4,10,-14,90.46,9.3,0
106.45,10,-14,90.46,9.3,0
106.5,9,-14,90.45,9.3,0
106.55,8,-14,90.46,9.3,0
106.6,7,-14,90.46,9.3,0
106.65,6,-14,90.45,9.3,0
106.7,6,-14,90.45,9.3,20
106.75,4,-13,90.45,9.3,0
106.8,6,-13,90.45,9.3,0
106.85,3,-13,90.46,9.3,0
106.9,1,-13,90.46,9.3,0
106.95,1,-13,90.46,9.3,0
107,1,-13,90.45,9.3,20
107.05,-1,-12,90.45,9.3,0
107.1,-2,-12,90.46,9.3,0
107.15,-2,-12,90.45,9.3,0
107.2,-1,-12,90.46,9.3,0
107.25,-2,-12,90.46,9.3,0
107.3,-3,-12,90.45,9.3,0
107.35,-4,-12,90.45,9.3,0
107.4,-4,-12,90.45,9.3,0
107.45,-5,-12,90.45,9.3,0
107.5,-6,-12,90.45,9.3,0
107.55,-6,-12,90.45,9.3,0
107.6,-7,-12,90.46,9.3,0
107.65,-7,-12,90.45,9.3,20
107.7,-6,-11,90.45,9.3,0
107.75,-7,-11,90.45,9.3,20
107.8,-9,-10,90.45,9.3,20
107.85,-8,-9,90.45,9.3,20
107.9,-9,-8,90.45,9.3,0
107.95,-9,-8,90.45,9.3,20
108,-10,-7,90.45,9.3,0
108.05,-11,-7,90.45,9.3,0
108.1,-11,-7,90.45,9.3,0
108.15,-12,-7,90.43,9.3,0
108.2,-13,-7,90.45,9.3,20
108.25,-13,-6,90.45,9.3,0
108.3,-14,-6,90.45,9.3,0
108.35,-15,-6,90.43,9.3,20
108.4,-14,-5,90.43,9.3,0
108.45,-14,-5,90.43,9.3,20
108.5,-16,-4,90.43,9.3,0
108.55,-16,-4,90.43,9.3,0
108.6,-16,-4,90.43,9.3,0
108.65,-17,-4,90.45,9.3,0
108.7,-16,-4,90.43,9.3,0
108.75,-16,-4,90.43,9.3,20
108.8,-15,-3,90.41,9.3,0
108.85,-11,-3,90.41,9.3,0
108.9,-14,-3,90.41,9.3,20
108.95,-15,-2,90.41,9.3,0
109,-14,-2,90.41,9.3,0
109.05,-15,-2,90.43,9.3,0
109.1,-14,-2,90.43,9.3,20
109.15,-16,-1,90.41,9.3,0
109.2,-14,-1,90.41,9.3,0
109.25,-15,-1,90.41,9.3,20
109.3,-15,0,90.41,9.3,0
109.35,-14,0,90.41,9.3,0
109.4,-13,0,90.41,9.3,0
109.45,-14,0,90.41,9.3,0
109.5,-15,0,90.41,9.3,20
109.55,-15,1,90.41,9.3,0
109.6,-15,1,90.41,9.3,0
109.65,-15,1,90.41,9.3,0
109.7,-14,1,90.41,9.3,-20
109.75,-14,0,90.41,9.3,0
109.8,-14,0,90.41,9.3,0
109.85,-14,0,90.39,9.3,0
109.9,-15,0,90.41,9.3,0
109.95,-14,0,90.41,9.3,0
110,-14,0,90.41,9.3,0
110.05,-14,0,90.41,9.3,0
110.1,-15,0,90.39,9.3,0
110.15,-14,0,90.41,9.3,0
110.2,-15,0,90.39,9.3,0
110.25,-14,0,90.41,9.3,0
110.3,-14,0,90.39,9.3,0
110.35,-15,0,90.39,9.3,0
110.4,-15,0,90.39,9.3,0
110.45,-15,0,90.41,9.3,0
110.5,-14,0,90.39,9.3,0
110.55,-14,0,90.39,9.3,0
110.6,-14,0,90.39,9.3,0
110.65,-14,0,90.39,9.3,0
110.7,-15,0,90.39,9.3,0
110.75,-14,0,90.39,9.3,0
110.8,-14,0,90.39,9.3,0
110.85,-14,0,90.39,9.3,0
110.9,-14,0,90.39,9.3,0
110.95,-14,0,90.39,9.3,0
111,-14,0,90.39,9.3,0
111.05,-15,0,90.39,9.3,0
111.1,-14,0,90.39,9.3,0
111.15,-14,0,90.39,9.3,0
111.2,-15,0,90.39,9.3,0
111.25,-15,0,90.39,9.3,0
111.3,-15,0,90.39,9.3,0
111.35,-14,0,90.39,9.3,0
111.4,-14,0,90.39,9.3,0
111.45,-15,0,90.37,9.3,0
111.5,-14,0,90.37,9.3,0
111.55,-15,0,90.37,9.3,0
111.6,-14,0,90.39,9.3,0
111.65,-14,0,90.39,9.3,0
111.7,-15,0,90.37,9.3,0
111.75,-15,0,90.37,9.3,0
111.8,-15,0,90.37,9.3,0
111.85,-15,0,90.37,9.3,0
111.9,-15,0,90.39,9.3,0
111.95,-14,0,90.37,9.3,0
112,-15,0,90.37,9.3,0
112.05,-15,0,90.37,9.3,0
112.1,-15,0,90.37,9.3,0
112.15,-14,0,90.37,9.3,0
112.2,-15,0,90.37,9.3,0
112.25,-15,0,90.37,9.3,0
112.3,-15,0,90.37,9.3,0
112.35,-14,0,90.37,9.3,0
112.4,-14,0,90.37,9.3,0
112.45,-14,0,90.37,9.3,0
112.5,-14,0,90.37,9.3,0
112.55,-15,0,90.37,9.3,0
112.6,-15,0,90.37,9.3,0
112.65,-15,0,90.37,9.3,0
112.7,-15,0,90.37,9.3,0
112.75,-14,0,90.36,9.3,0
112.8,-15,0,90.36,9.3,0
112.85,-14,0,90.37,9.3,0
112.9,-14,0,90.37,9.3,0
112.95,-14,0,90.36,9.3,0
113,-15,0,90.37,9.3,0
113.05,-15,0,90.36,9.3,0
113.1,-15,0,90.36,9.3,0
113.15,-14,0,90.37,9.3,0
113.2,-15,0,90.36,9.3,0
113.25,-15,0,90.36,9.3,0
113.3,-14,0,90.36,9.3,0
113.35,-14,0,90.36,9.3,0
113.4,-15,0,90.36,9.3,0
113.45,-14,0,90.36,9.3,0
113.5,-15,0,90.36,9.3,0
113.55,-15,0,90.36,9.3,0
113.6,-15,0,90.36,9.3,0
113.65,-14,0,90.36,9.3,0
113.7,-15,0,90.36,9.3,0
113.75,-15,0,90.36,9.3,0
113.8,-14,0,90.36,9.3,0
113.85,-15,0,90.36,9.3,0
113.9,-14,0,90.36,9.3,0
113.95,-14,0,90.36,9.3,0
114,-15,0,90.36,9.3,0
114.05,-15,0,90.36,9.3,0
114.1,-14,0,90.36,9.3,0
114.15,-15,0,90.36,9.3,20
114.2,-15,1,90.36,9.3,0
114.25,-15,1,90.36,9.3,0
114.3,-14,1,90.36,9.3,0
114.35,-15,1,90.36,9.3,0
114.4,-15,1,90.36,9.3,0
114.45,-15,1,90.36,9.3,0
114.5,-15,1,90.36,9.3,0
114.55,-16,1,90.36,9.3,0
114.6,-15,1,90.36,9.3,0
114.65,-14,1,90.36,9.3,0
114.7,-15,1,90.36,9.3,-20
114.75,-16,0,90.36,9.3,0
114.8,-15,0,90.36,9.3,0
114.85,-15,0,90.36,9.3,0
114.9,-15,0,90.34,9.3,0
114.95,-14,0,90.34,9.3,0
115,-15,0,90.34,9.3,0
115.05,-14,0,90.34,9.3,20
115.1,-14,1,90.34,9.3,0
115.15,-13,1,90.34,9.3,0
115.2,-13,1,90.34,9.3,20
115.25,-14,2,90.34,9.3,20
115.3,-13,3,90.34,9.3,20
115.35,-13,4,90.34,9.3,0
115.4,-13,4,90.34,9.3,-40
115.45,-14,2,90.34,9.3,-40
115.5,-12,0,90.34,9.3,-20
115.55,-14,-1,90.34,9.3,-20
115.6,-14,-2,90.34,9.3,0
115.65,-14,-2,90.34,9.3,20
115.7,-13,-1,90.34,9.3,0
115.75,-14,-1,90.34,9.3,0
115.8,-14,-1,90.34,9.3,0
115.85,-13,-1,90.34,9.3,20
115.9,-14,0,90.34,9.3,0
115.95,-15,0,90.34,9.3,0
116,-14,0,90.34,9.3,0
116.05,-13,0,90.34,9.3,0
116.1,-13,0,90.34,9.3,0
116.15,-14,0,90.34,9.3,0
116.2,-14,0,90.32,9.3,0
116.25,-13,0,90.32,9.3,0
116.3,-14,0,90.34,9.3,0
116.35,-14,0,90.34,9.3,0
